timestamp,sensor_id,valor
2025-09-21 13:16:30,sensor_temp_01,20.557113409297287
2025-09-21 13:31:30,sensor_temp_01,20.713021852847486
2025-09-21 13:46:30,sensor_temp_01,20.883126665653187
2025-09-21 14:01:30,sensor_temp_01,20.722917315782187
2025-09-21 14:16:30,sensor_temp_01,20.288256029887798
2025-09-21 14:31:30,sensor_temp_01,20.900202685918146
2025-09-21 14:46:30,sensor_temp_01,20.53992529829885
2025-09-21 15:01:30,sensor_temp_01,20.49780496707553
2025-09-21 15:16:30,sensor_temp_01,20.335852207282976
2025-09-21 15:31:30,sensor_temp_01,20.51004598114774
2025-09-21 15:46:30,sensor_temp_01,20.779433348408233
2025-09-21 16:01:30,sensor_temp_01,20.58151896046321
2025-09-21 16:16:30,sensor_temp_01,20.48564118130187
2025-09-21 16:31:30,sensor_temp_01,20.07390150428554
2025-09-21 16:46:30,sensor_temp_01,20.528726414653622
2025-09-21 17:01:30,sensor_temp_01,20.573553455845314
2025-09-21 17:16:30,sensor_temp_01,20.778239425451595
2025-09-21 17:31:30,sensor_temp_01,20.732035986736847
2025-09-21 17:46:30,sensor_temp_01,21.489594629927623
2025-09-21 18:01:30,sensor_temp_01,21.26653942314226
2025-09-21 18:16:30,sensor_temp_01,20.99280060087434
2025-09-21 18:31:30,sensor_temp_01,21.392686734202456
2025-09-21 18:46:30,sensor_temp_01,21.22706158476491
2025-09-21 19:01:30,sensor_temp_01,21.469740266623877
2025-09-21 19:16:30,sensor_temp_01,21.45093594681707
2025-09-21 19:31:30,sensor_temp_01,21.291996939206303
2025-09-21 19:46:30,sensor_temp_01,21.606501274311196
2025-09-21 20:01:30,sensor_temp_01,22.032204877388562
2025-09-21 20:16:30,sensor_temp_01,21.77314333202958
2025-09-21 20:31:30,sensor_temp_01,22.111361129757693
2025-09-21 20:46:30,sensor_temp_01,21.93570813942134
2025-09-21 21:01:30,sensor_temp_01,22.842692294293936
2025-09-21 21:16:30,sensor_temp_01,22.641935126872472
2025-09-21 21:31:30,sensor_temp_01,22.82701789016755
2025-09-21 21:46:30,sensor_temp_01,22.581225401789155
2025-09-21 22:01:30,sensor_temp_01,23.00845022098477
2025-09-21 22:16:30,sensor_temp_01,22.886096026236245
2025-09-21 22:31:30,sensor_temp_01,22.941507504557695
2025-09-21 22:46:30,sensor_temp_01,23.075009372428326
2025-09-21 23:01:30,sensor_temp_01,23.341412821941567
2025-09-21 23:16:30,sensor_temp_01,23.500342435450197
2025-09-21 23:31:30,sensor_temp_01,23.621164214912163
2025-09-21 23:46:30,sensor_temp_01,23.660202066698396
2025-09-22 00:01:30,sensor_temp_01,23.834871487169167
2025-09-22 00:16:30,sensor_temp_01,24.33473063502722
2025-09-22 00:31:30,sensor_temp_01,23.966804676067994
2025-09-22 00:46:30,sensor_temp_01,24.00494991319992
2025-09-22 01:01:30,sensor_temp_01,24.19417227753631
2025-09-22 01:16:30,sensor_temp_01,24.28171114556188
2025-09-22 01:31:30,sensor_temp_01,24.576122335804264
2025-09-22 01:46:30,sensor_temp_01,23.78282384160414
2025-09-22 02:01:30,sensor_temp_01,24.316009503999386
2025-09-22 02:16:30,sensor_temp_01,24.79614640254173
2025-09-22 02:31:30,sensor_temp_01,24.20654099514936
2025-09-22 02:46:30,sensor_temp_01,24.54569638539383
2025-09-22 03:01:30,sensor_temp_01,24.370947808302553
2025-09-22 03:16:30,sensor_temp_01,24.61310730107834
2025-09-22 03:31:30,sensor_temp_01,24.55149669298692
2025-09-22 03:46:30,sensor_temp_01,24.668097412908477
2025-09-22 04:01:30,sensor_temp_01,24.74498783834533
2025-09-22 04:16:30,sensor_temp_01,24.195812365800958
2025-09-22 04:31:30,sensor_temp_01,24.471001377208612
2025-09-22 04:46:30,sensor_temp_01,24.02825564267895
2025-09-22 05:01:30,sensor_temp_01,24.17912031206611
2025-09-22 05:16:30,sensor_temp_01,24.10357233929428
2025-09-22 05:31:30,sensor_temp_01,24.223087256031636
2025-09-22 05:46:30,sensor_temp_01,23.968557899096744
2025-09-22 06:01:30,sensor_temp_01,23.637186724076354
2025-09-22 06:16:30,sensor_temp_01,24.21345722563172
2025-09-22 06:31:30,sensor_temp_01,24.192644498860666
2025-09-22 06:46:30,sensor_temp_01,23.93372145979135
2025-09-22 07:01:30,sensor_temp_01,23.610453056573853
2025-09-22 07:16:30,sensor_temp_01,23.07413146560161
2025-09-22 07:31:30,sensor_temp_01,23.531784313956052
2025-09-22 07:46:30,sensor_temp_01,23.703661730428344
2025-09-22 08:01:30,sensor_temp_01,22.823216584859914
2025-09-22 08:16:30,sensor_temp_01,22.798661822621007
2025-09-22 08:31:30,sensor_temp_01,22.82298632358801
2025-09-22 08:46:30,sensor_temp_01,22.886996191107094
2025-09-22 09:01:30,sensor_temp_01,22.524232431975033
2025-09-22 09:16:30,sensor_temp_01,22.421939516726518
2025-09-22 09:31:30,sensor_temp_01,22.544509860643384
2025-09-22 09:46:30,sensor_temp_01,22.4642372889433
2025-09-22 10:01:30,sensor_temp_01,21.824361286489243
2025-09-22 10:16:30,sensor_temp_01,21.98116775176466
2025-09-22 10:31:30,sensor_temp_01,21.83214857192559
2025-09-22 10:46:30,sensor_temp_01,21.933479345101905
2025-09-22 11:01:30,sensor_temp_01,21.504118613924504
2025-09-22 11:16:30,sensor_temp_01,21.360190821001396
2025-09-22 11:31:30,sensor_temp_01,21.569570823212203
2025-09-22 11:46:30,sensor_temp_01,21.226458364480955
2025-09-22 12:01:30,sensor_temp_01,20.93498222359524
2025-09-22 12:16:30,sensor_temp_01,21.160339565655043
2025-09-22 12:31:30,sensor_temp_01,21.11058184593999
2025-09-22 12:46:30,sensor_temp_01,21.107258053570177
2025-09-22 13:01:30,sensor_temp_01,20.695000691672742
2025-09-22 13:16:30,sensor_temp_01,20.653594986678932
2025-09-22 13:31:30,sensor_temp_01,20.59500534142856
2025-09-22 13:46:30,sensor_temp_01,20.647732824759828
2025-09-22 14:01:30,sensor_temp_01,20.851138819738853
2025-09-22 14:16:30,sensor_temp_01,20.702695248265364
2025-09-22 14:31:30,sensor_temp_01,20.860254114180567
2025-09-22 14:46:30,sensor_temp_01,20.26397539936188
2025-09-22 15:01:30,sensor_temp_01,20.228979330859623
2025-09-22 15:16:30,sensor_temp_01,20.66906814659228
2025-09-22 15:31:30,sensor_temp_01,20.358385399105867
2025-09-22 15:46:30,sensor_temp_01,20.50118833135448
2025-09-22 16:01:30,sensor_temp_01,20.9103437294838
2025-09-22 16:16:30,sensor_temp_01,21.178757204197264
2025-09-22 16:31:30,sensor_temp_01,20.60778221685565
2025-09-22 16:46:30,sensor_temp_01,20.80476465962942
2025-09-22 17:01:30,sensor_temp_01,20.82045167689532
2025-09-22 17:16:30,sensor_temp_01,20.344339661325275
2025-09-22 17:31:30,sensor_temp_01,21.128435776513346
2025-09-22 17:46:30,sensor_temp_01,20.888239397171024
2025-09-22 18:01:30,sensor_temp_01,20.914495320750067
2025-09-22 18:16:30,sensor_temp_01,20.74512523243427
2025-09-22 18:31:30,sensor_temp_01,20.908341218137153
2025-09-22 18:46:30,sensor_temp_01,20.64873288731833
2025-09-22 19:01:30,sensor_temp_01,21.60905326425435
2025-09-22 19:16:30,sensor_temp_01,21.22202963119651
2025-09-22 19:31:30,sensor_temp_01,21.103283088313834
2025-09-22 19:46:30,sensor_temp_01,21.366693403367183
2025-09-22 20:01:30,sensor_temp_01,22.021732727939153
2025-09-22 20:16:30,sensor_temp_01,21.949081020647267
2025-09-22 20:31:30,sensor_temp_01,22.32353272385708
2025-09-22 20:46:30,sensor_temp_01,21.80274680358189
2025-09-22 21:01:30,sensor_temp_01,22.171449074712065
2025-09-22 21:16:30,sensor_temp_01,22.608630005284304
2025-09-22 21:31:30,sensor_temp_01,22.247571706924454
2025-09-22 21:46:30,sensor_temp_01,22.605184449570416
2025-09-22 22:01:30,sensor_temp_01,23.110498291310893
2025-09-22 22:16:30,sensor_temp_01,23.155890306306823
2025-09-22 22:31:30,sensor_temp_01,22.80674793189505
2025-09-22 22:46:30,sensor_temp_01,22.785092650129474
2025-09-22 23:01:30,sensor_temp_01,23.057418653469796
2025-09-22 23:16:30,sensor_temp_01,23.374821438868377
2025-09-22 23:31:30,sensor_temp_01,23.641605336286723
2025-09-22 23:46:30,sensor_temp_01,23.353349984093676
2025-09-23 00:01:30,sensor_temp_01,23.800739043609514
2025-09-23 00:16:30,sensor_temp_01,23.970099705301326
2025-09-23 00:31:30,sensor_temp_01,23.967157800909394
2025-09-23 00:46:30,sensor_temp_01,23.871922240316092
2025-09-23 01:01:30,sensor_temp_01,24.603502195774453
2025-09-23 01:16:30,sensor_temp_01,24.184914706429
2025-09-23 01:31:30,sensor_temp_01,24.012436834229884
2025-09-23 01:46:30,sensor_temp_01,24.33391284086969
2025-09-23 02:01:30,sensor_temp_01,24.50794153934273
2025-09-23 02:16:30,sensor_temp_01,24.633822122961366
2025-09-23 02:31:30,sensor_temp_01,24.62955615689699
2025-09-23 02:46:30,sensor_temp_01,24.527188352701007
2025-09-23 03:01:30,sensor_temp_01,24.2329765701237
2025-09-23 03:16:30,sensor_temp_01,24.67496683589613
2025-09-23 03:31:30,sensor_temp_01,24.589400803061622
2025-09-23 03:46:30,sensor_temp_01,24.0854401512439
2025-09-23 04:01:30,sensor_temp_01,24.21160555079045
2025-09-23 04:16:30,sensor_temp_01,24.413938818923093
2025-09-23 04:31:30,sensor_temp_01,24.517962242118976
2025-09-23 04:46:30,sensor_temp_01,24.542679787554885
2025-09-23 05:01:30,sensor_temp_01,24.078008912443728
2025-09-23 05:16:30,sensor_temp_01,24.26435032135606
2025-09-23 05:31:30,sensor_temp_01,24.026283425580832
2025-09-23 05:46:30,sensor_temp_01,23.988678034827903
2025-09-23 06:01:30,sensor_temp_01,23.693945922276022
2025-09-23 06:16:30,sensor_temp_01,23.83058939400056
2025-09-23 06:31:30,sensor_temp_01,24.161031435826615
2025-09-23 06:46:30,sensor_temp_01,23.904599639721685
2025-09-23 07:01:30,sensor_temp_01,23.61207235925666
2025-09-23 07:16:30,sensor_temp_01,23.22387065844304
2025-09-23 07:31:30,sensor_temp_01,23.37942429960259
2025-09-23 07:46:30,sensor_temp_01,23.35984119435235
2025-09-23 08:01:30,sensor_temp_01,22.941096003190683
2025-09-23 08:16:30,sensor_temp_01,23.039639918530934
2025-09-23 08:31:30,sensor_temp_01,22.885567313426357
2025-09-23 08:46:30,sensor_temp_01,23.02236391948891
2025-09-23 09:01:30,sensor_temp_01,22.43560211130829
2025-09-23 09:16:30,sensor_temp_01,22.554439464969242
2025-09-23 09:31:30,sensor_temp_01,22.600176819512043
2025-09-23 09:46:30,sensor_temp_01,22.322689590902062
2025-09-23 10:01:30,sensor_temp_01,22.162215402505137
2025-09-23 10:16:30,sensor_temp_01,21.96552383035608
2025-09-23 10:31:30,sensor_temp_01,22.064131593362145
2025-09-23 10:46:30,sensor_temp_01,21.952472540955192
2025-09-23 11:01:30,sensor_temp_01,21.477182497176866
2025-09-23 11:16:30,sensor_temp_01,21.35537753300449
2025-09-23 11:31:30,sensor_temp_01,21.36710625296876
2025-09-23 11:46:30,sensor_temp_01,21.310719857667454
2025-09-23 12:01:30,sensor_temp_01,20.800525121818715
2025-09-23 12:16:30,sensor_temp_01,20.83035871461624
2025-09-23 12:31:30,sensor_temp_01,20.947867103357503
2025-09-23 12:46:30,sensor_temp_01,21.292859738189307
2025-09-23 13:01:30,sensor_temp_01,20.73752629343489
2025-09-23 13:16:30,sensor_temp_01,21.157908738959197
2025-09-23 13:31:30,sensor_temp_01,20.668316007856273
2025-09-23 13:46:30,sensor_temp_01,20.719880940331997
2025-09-23 14:01:30,sensor_temp_01,20.815654801796793
2025-09-23 14:16:30,sensor_temp_01,20.761578903228727
2025-09-23 14:31:30,sensor_temp_01,19.984951232758736
2025-09-23 14:46:30,sensor_temp_01,20.47258571364686
2025-09-23 15:01:30,sensor_temp_01,20.533871080970172
2025-09-23 15:16:30,sensor_temp_01,20.33446747561698
2025-09-23 15:31:30,sensor_temp_01,20.56891424408979
2025-09-23 15:46:30,sensor_temp_01,20.552483717662888
2025-09-23 16:01:30,sensor_temp_01,20.478212011217064
2025-09-23 16:16:30,sensor_temp_01,20.53769856994941
2025-09-23 16:31:30,sensor_temp_01,20.58347678500078
2025-09-23 16:46:30,sensor_temp_01,20.581320322966008
2025-09-23 17:01:30,sensor_temp_01,20.908525194952038
2025-09-23 17:16:30,sensor_temp_01,20.691446130208767
2025-09-23 17:31:30,sensor_temp_01,20.91845254159692
2025-09-23 17:46:30,sensor_temp_01,20.5841321173811
2025-09-23 18:01:30,sensor_temp_01,21.303910768397206
2025-09-23 18:16:30,sensor_temp_01,21.12225358685597
2025-09-23 18:31:30,sensor_temp_01,21.058837208924754
2025-09-23 18:46:30,sensor_temp_01,21.09318764806609
2025-09-23 19:01:30,sensor_temp_01,21.571184987130646
2025-09-23 19:16:30,sensor_temp_01,21.165182674886584
2025-09-23 19:31:30,sensor_temp_01,21.75152791335664
2025-09-23 19:46:30,sensor_temp_01,21.503048887579663
2025-09-23 20:01:30,sensor_temp_01,22.105046698462804
2025-09-23 20:16:30,sensor_temp_01,22.1980497106347
2025-09-23 20:31:30,sensor_temp_01,22.024159279474972
2025-09-23 20:46:30,sensor_temp_01,22.065285082557885
2025-09-23 21:01:30,sensor_temp_01,22.280176363200543
2025-09-23 21:16:30,sensor_temp_01,22.411917914165002
2025-09-23 21:31:30,sensor_temp_01,22.15392219356902
2025-09-23 21:46:30,sensor_temp_01,22.79355240598036
2025-09-23 22:01:30,sensor_temp_01,23.200238578221555
2025-09-23 22:16:30,sensor_temp_01,22.968788229849647
2025-09-23 22:31:30,sensor_temp_01,22.600645188902618
2025-09-23 22:46:30,sensor_temp_01,23.13883362109486
2025-09-23 23:01:30,sensor_temp_01,23.42158725643472
2025-09-23 23:16:30,sensor_temp_01,23.385673158179127
2025-09-23 23:31:30,sensor_temp_01,23.506826141723916
2025-09-23 23:46:30,sensor_temp_01,23.320960911506646
2025-09-24 00:01:30,sensor_temp_01,24.005811663636777
2025-09-24 00:16:30,sensor_temp_01,23.9729586340722
2025-09-24 00:31:30,sensor_temp_01,23.593633472486015
2025-09-24 00:46:30,sensor_temp_01,23.65375085361474
2025-09-24 01:01:30,sensor_temp_01,24.098923261005552
2025-09-24 01:16:30,sensor_temp_01,24.470153497803413
2025-09-24 01:31:30,sensor_temp_01,24.21436622304359
2025-09-24 01:46:30,sensor_temp_01,24.39900946827082
2025-09-24 02:01:30,sensor_temp_01,24.36440884410467
2025-09-24 02:16:30,sensor_temp_01,24.38660128290288
2025-09-24 02:31:30,sensor_temp_01,24.552749181259966
2025-09-24 02:46:30,sensor_temp_01,24.574939151490213
2025-09-24 03:01:30,sensor_temp_01,24.196149748714042
2025-09-24 03:16:30,sensor_temp_01,24.587685737156434
2025-09-24 03:31:30,sensor_temp_01,24.2415464292936
2025-09-24 03:46:30,sensor_temp_01,24.50415217303964
2025-09-24 04:01:30,sensor_temp_01,24.510631029910243
2025-09-24 04:16:30,sensor_temp_01,24.35048858461184
2025-09-24 04:31:30,sensor_temp_01,24.78830048122555
2025-09-24 04:46:30,sensor_temp_01,24.538700613922902
2025-09-24 05:01:30,sensor_temp_01,23.97026782984129
2025-09-24 05:16:30,sensor_temp_01,24.30727144299285
2025-09-24 05:31:30,sensor_temp_01,24.323846025368496
2025-09-24 05:46:30,sensor_temp_01,24.503031545854412
2025-09-24 06:01:30,sensor_temp_01,23.838349069830468
2025-09-24 06:16:30,sensor_temp_01,23.5132330405058
2025-09-24 06:31:30,sensor_temp_01,24.096797342772746
2025-09-24 06:46:30,sensor_temp_01,24.047372004081883
2025-09-24 07:01:30,sensor_temp_01,23.47619975155873
2025-09-24 07:16:30,sensor_temp_01,23.362687106308154
2025-09-24 07:31:30,sensor_temp_01,23.239856880345314
2025-09-24 07:46:30,sensor_temp_01,23.287379881446252
2025-09-24 08:01:30,sensor_temp_01,22.79780289155366
2025-09-24 08:16:30,sensor_temp_01,23.140900145989555
2025-09-24 08:31:30,sensor_temp_01,22.726182886643713
2025-09-24 08:46:30,sensor_temp_01,23.038214520082573
2025-09-24 09:01:30,sensor_temp_01,22.59547312616421
2025-09-24 09:16:30,sensor_temp_01,22.305754067830122
2025-09-24 09:31:30,sensor_temp_01,22.614511778198786
2025-09-24 09:46:30,sensor_temp_01,22.260353639164936
2025-09-24 10:01:30,sensor_temp_01,21.99509600922206
2025-09-24 10:16:30,sensor_temp_01,22.205484200164342
2025-09-24 10:31:30,sensor_temp_01,22.099677538468843
2025-09-24 10:46:30,sensor_temp_01,22.24338090894866
2025-09-24 11:01:30,sensor_temp_01,21.428615657524617
2025-09-24 11:16:30,sensor_temp_01,21.56546121545432
2025-09-24 11:31:30,sensor_temp_01,21.435635681272913
2025-09-24 11:46:30,sensor_temp_01,21.36572554534849
2025-09-24 12:01:30,sensor_temp_01,21.22537945877467
2025-09-24 12:16:30,sensor_temp_01,21.09696505470798
2025-09-24 12:31:30,sensor_temp_01,20.990352424725394
2025-09-24 12:46:30,sensor_temp_01,21.24341940353694
2025-09-24 13:01:30,sensor_temp_01,20.733433640609583
2025-09-24 13:16:30,sensor_temp_01,20.690436527847858
2025-09-24 13:31:30,sensor_temp_01,20.790338544465595
2025-09-24 13:46:30,sensor_temp_01,20.87011069551501
2025-09-24 14:01:30,sensor_temp_01,20.134552966885472
2025-09-24 14:16:30,sensor_temp_01,20.319475452423216
2025-09-24 14:31:30,sensor_temp_01,20.596474444687317
2025-09-24 14:46:30,sensor_temp_01,20.33093647355649
2025-09-24 15:01:30,sensor_temp_01,20.307209058615545
2025-09-24 15:16:30,sensor_temp_01,20.695222192562312
2025-09-24 15:31:30,sensor_temp_01,20.4073529174044
2025-09-24 15:46:30,sensor_temp_01,20.30059000734458
2025-09-24 16:01:30,sensor_temp_01,20.47978438259358
2025-09-24 16:16:30,sensor_temp_01,20.065850895646054
2025-09-24 16:31:30,sensor_temp_01,20.609292999481593
2025-09-24 16:46:30,sensor_temp_01,20.52917356819355
2025-09-24 17:01:30,sensor_temp_01,20.4917896363928
2025-09-24 17:16:30,sensor_temp_01,20.78221387634959
2025-09-24 17:31:30,sensor_temp_01,20.83660067015415
2025-09-24 17:46:30,sensor_temp_01,21.071542026254892
2025-09-24 18:01:30,sensor_temp_01,21.095825837956003
2025-09-24 18:16:30,sensor_temp_01,20.826447297276207
2025-09-24 18:31:30,sensor_temp_01,21.001512702205066
2025-09-24 18:46:30,sensor_temp_01,21.144344123215138
2025-09-24 19:01:30,sensor_temp_01,21.57974683216961
2025-09-24 19:16:30,sensor_temp_01,21.555419557499555
2025-09-24 19:31:30,sensor_temp_01,21.5065631838051
2025-09-24 19:46:30,sensor_temp_01,21.474428616564413
2025-09-24 20:01:30,sensor_temp_01,22.12509527956751
2025-09-24 20:16:30,sensor_temp_01,21.87653652555834
2025-09-24 20:31:30,sensor_temp_01,21.79260355712443
2025-09-24 20:46:30,sensor_temp_01,22.0140944752484
2025-09-24 21:01:30,sensor_temp_01,22.60901141056753
2025-09-24 21:16:30,sensor_temp_01,22.367362053541036
2025-09-24 21:31:30,sensor_temp_01,22.002494387081793
2025-09-24 21:46:30,sensor_temp_01,22.85639118455089
2025-09-24 22:01:30,sensor_temp_01,23.26502001589274
2025-09-24 22:16:30,sensor_temp_01,23.103299947831378
2025-09-24 22:31:30,sensor_temp_01,23.356241155063742
2025-09-24 22:46:30,sensor_temp_01,22.654663917293124
2025-09-24 23:01:30,sensor_temp_01,23.35647860290688
2025-09-24 23:16:30,sensor_temp_01,23.441601114607842
2025-09-24 23:31:30,sensor_temp_01,23.04704382459118
2025-09-24 23:46:30,sensor_temp_01,23.375293214276237
2025-09-25 00:01:30,sensor_temp_01,23.758206734824302
2025-09-25 00:16:30,sensor_temp_01,23.877240257199414
2025-09-25 00:31:30,sensor_temp_01,23.90010090935255
2025-09-25 00:46:30,sensor_temp_01,23.593720871670435
2025-09-25 01:01:30,sensor_temp_01,24.385392697378474
2025-09-25 01:16:30,sensor_temp_01,23.9601318505404
2025-09-25 01:31:30,sensor_temp_01,24.23404546194948
2025-09-25 01:46:30,sensor_temp_01,24.365792477588002
2025-09-25 02:01:30,sensor_temp_01,24.517730352597653
2025-09-25 02:16:30,sensor_temp_01,24.540240824118822
2025-09-25 02:31:30,sensor_temp_01,24.553090912898902
2025-09-25 02:46:30,sensor_temp_01,24.406739721782927
2025-09-25 03:01:30,sensor_temp_01,24.622303594180593
2025-09-25 03:16:30,sensor_temp_01,24.68852563915082
2025-09-25 03:31:30,sensor_temp_01,24.82290148402458
2025-09-25 03:46:30,sensor_temp_01,24.50615065569045
2025-09-25 04:01:30,sensor_temp_01,24.652620798528407
2025-09-25 04:16:30,sensor_temp_01,24.514188845285148
2025-09-25 04:31:30,sensor_temp_01,24.448920973231303
2025-09-25 04:46:30,sensor_temp_01,24.618832409184197
2025-09-25 05:01:30,sensor_temp_01,24.248847914549845
2025-09-25 05:16:30,sensor_temp_01,23.907234225822585
2025-09-25 05:31:30,sensor_temp_01,24.179853546500738
2025-09-25 05:46:30,sensor_temp_01,24.10047555918946
2025-09-25 06:01:30,sensor_temp_01,24.146882243588507
2025-09-25 06:16:30,sensor_temp_01,23.7711995127593
2025-09-25 06:31:30,sensor_temp_01,23.894900935479832
2025-09-25 06:46:30,sensor_temp_01,23.96561051426114
2025-09-25 07:01:30,sensor_temp_01,23.280419762425588
2025-09-25 07:16:30,sensor_temp_01,23.386455710434333
2025-09-25 07:31:30,sensor_temp_01,23.451898030659112
2025-09-25 07:46:30,sensor_temp_01,23.64817967719317
2025-09-25 08:01:30,sensor_temp_01,23.07066688773184
2025-09-25 08:16:30,sensor_temp_01,22.27325348409219
2025-09-25 08:31:30,sensor_temp_01,23.03826741666547
2025-09-25 08:46:30,sensor_temp_01,22.925686013993097
2025-09-25 09:01:30,sensor_temp_01,22.175184703701568
2025-09-25 09:16:30,sensor_temp_01,22.72257942762666
2025-09-25 09:31:30,sensor_temp_01,22.650516757075266
2025-09-25 09:46:30,sensor_temp_01,22.662190961330904
2025-09-25 10:01:30,sensor_temp_01,21.98545022392825
2025-09-25 10:16:30,sensor_temp_01,22.101767450620077
2025-09-25 10:31:30,sensor_temp_01,21.733200366205136
2025-09-25 10:46:30,sensor_temp_01,21.730423754183274
2025-09-25 11:01:30,sensor_temp_01,21.783199858900442
2025-09-25 11:16:30,sensor_temp_01,21.368383448869558
2025-09-25 11:31:30,sensor_temp_01,21.2611512206808
2025-09-25 11:46:30,sensor_temp_01,21.56137958370616
2025-09-25 12:01:30,sensor_temp_01,20.74277110399991
2025-09-25 12:16:30,sensor_temp_01,21.366809691918156
2025-09-25 12:31:30,sensor_temp_01,21.30294089708917
2025-09-25 12:46:30,sensor_temp_01,21.17121520126152
2025-09-25 13:01:30,sensor_temp_01,20.787351280694416
2025-09-25 13:16:30,sensor_temp_01,20.700687089501244
2025-09-25 13:31:30,sensor_temp_01,20.88992775936018
2025-09-25 13:46:30,sensor_temp_01,20.671000632012515
2025-09-25 14:01:30,sensor_temp_01,20.567840104588935
2025-09-25 14:16:30,sensor_temp_01,20.474113037941176
2025-09-25 14:31:30,sensor_temp_01,20.668173464678045
2025-09-25 14:46:30,sensor_temp_01,20.517676416819317
2025-09-25 15:01:30,sensor_temp_01,20.418334060527688
2025-09-25 15:16:30,sensor_temp_01,20.305326183746292
2025-09-25 15:31:30,sensor_temp_01,20.53760078252093
2025-09-25 15:46:30,sensor_temp_01,20.3435110892333
2025-09-25 16:01:30,sensor_temp_01,20.370370313896757
2025-09-25 16:16:30,sensor_temp_01,20.32401479797213
2025-09-25 16:31:30,sensor_temp_01,20.592022960064124
2025-09-25 16:46:30,sensor_temp_01,20.377482857335988
2025-09-25 17:01:30,sensor_temp_01,20.670010111697884
2025-09-25 17:16:30,sensor_temp_01,20.92664976254333
2025-09-25 17:31:30,sensor_temp_01,20.757136912316778
2025-09-25 17:46:30,sensor_temp_01,20.782512545157136
2025-09-25 18:01:30,sensor_temp_01,21.003947940531685
2025-09-25 18:16:30,sensor_temp_01,20.782713493022285
2025-09-25 18:31:30,sensor_temp_01,21.33636574128117
2025-09-25 18:46:30,sensor_temp_01,21.150309264785037
2025-09-25 19:01:30,sensor_temp_01,21.66465402484451
2025-09-25 19:16:30,sensor_temp_01,21.688022659379563
2025-09-25 19:31:30,sensor_temp_01,21.734516379427113
2025-09-25 19:46:30,sensor_temp_01,21.481039396492715
2025-09-25 20:01:30,sensor_temp_01,21.73036479704443
2025-09-25 20:16:30,sensor_temp_01,22.378514426444454
2025-09-25 20:31:30,sensor_temp_01,22.08286102092223
2025-09-25 20:46:30,sensor_temp_01,22.145482027332385
2025-09-25 21:01:30,sensor_temp_01,22.375569086561317
2025-09-25 21:16:30,sensor_temp_01,22.254117581239203
2025-09-25 21:31:30,sensor_temp_01,22.364475881947108
2025-09-25 21:46:30,sensor_temp_01,22.40693587991271
2025-09-25 22:01:30,sensor_temp_01,22.996072308285406
2025-09-25 22:16:30,sensor_temp_01,22.83796672327512
2025-09-25 22:31:30,sensor_temp_01,22.916468514187127
2025-09-25 22:46:30,sensor_temp_01,23.079428355086982
2025-09-25 23:01:30,sensor_temp_01,23.86873402623529
2025-09-25 23:16:30,sensor_temp_01,23.59933816274086
2025-09-25 23:31:30,sensor_temp_01,23.299948451473295
2025-09-25 23:46:30,sensor_temp_01,23.51922019815416
2025-09-26 00:01:30,sensor_temp_01,24.140723583751278
2025-09-26 00:16:30,sensor_temp_01,23.79713185600999
2025-09-26 00:31:30,sensor_temp_01,24.081167463243435
2025-09-26 00:46:30,sensor_temp_01,23.506697939094664
2025-09-26 01:01:30,sensor_temp_01,24.465954480048396
2025-09-26 01:16:30,sensor_temp_01,24.256977043479182
2025-09-26 01:31:30,sensor_temp_01,24.440298622963414
2025-09-26 01:46:30,sensor_temp_01,24.48069516880185
2025-09-26 02:01:30,sensor_temp_01,24.30793305865537
2025-09-26 02:16:30,sensor_temp_01,24.423144423221057
2025-09-26 02:31:30,sensor_temp_01,24.82357262067994
2025-09-26 02:46:30,sensor_temp_01,24.562043551066576
2025-09-26 03:01:30,sensor_temp_01,24.851041921598483
2025-09-26 03:16:30,sensor_temp_01,24.570629981457284
2025-09-26 03:31:30,sensor_temp_01,24.45642362887192
2025-09-26 03:46:30,sensor_temp_01,24.32585811160764
2025-09-26 04:01:30,sensor_temp_01,24.43797349247652
2025-09-26 04:16:30,sensor_temp_01,24.33800604810928
2025-09-26 04:31:30,sensor_temp_01,24.553179386483144
2025-09-26 04:46:30,sensor_temp_01,24.458846171450197
2025-09-26 05:01:30,sensor_temp_01,24.455881535716177
2025-09-26 05:16:30,sensor_temp_01,24.17562314324329
2025-09-26 05:31:30,sensor_temp_01,24.159178045132407
2025-09-26 05:46:30,sensor_temp_01,24.06770507051475
2025-09-26 06:01:30,sensor_temp_01,24.145900471774247
2025-09-26 06:16:30,sensor_temp_01,24.01103271245309
2025-09-26 06:31:30,sensor_temp_01,23.805520201800892
2025-09-26 06:46:30,sensor_temp_01,24.168321551013786
2025-09-26 07:01:30,sensor_temp_01,23.698702218000225
2025-09-26 07:16:30,sensor_temp_01,23.643200930377645
2025-09-26 07:31:30,sensor_temp_01,23.690678647782452
2025-09-26 07:46:30,sensor_temp_01,23.307481729127975
2025-09-26 08:01:30,sensor_temp_01,22.98522999187419
2025-09-26 08:16:30,sensor_temp_01,23.188649920422414
2025-09-26 08:31:30,sensor_temp_01,22.980179481181427
2025-09-26 08:46:30,sensor_temp_01,23.059757562745585
2025-09-26 09:01:30,sensor_temp_01,22.274771354558546
2025-09-26 09:16:30,sensor_temp_01,22.379697546074397
2025-09-26 09:31:30,sensor_temp_01,22.319083795965348
2025-09-26 09:46:30,sensor_temp_01,22.263676031145092
2025-09-26 10:01:30,sensor_temp_01,21.96993385348276
2025-09-26 10:16:30,sensor_temp_01,21.532472337674534
2025-09-26 10:31:30,sensor_temp_01,21.68405270788382
2025-09-26 10:46:30,sensor_temp_01,22.260298624575803
2025-09-26 11:01:30,sensor_temp_01,21.5471133222017
2025-09-26 11:16:30,sensor_temp_01,21.422344218774764
2025-09-26 11:31:30,sensor_temp_01,21.803763219096318
2025-09-26 11:46:30,sensor_temp_01,21.38057207738103
2025-09-26 12:01:30,sensor_temp_01,21.00046280238662
2025-09-26 12:16:30,sensor_temp_01,21.092652670161794
2025-09-26 12:31:30,sensor_temp_01,21.51456663392081
2025-09-26 12:46:30,sensor_temp_01,21.443796618057597
2025-09-26 13:01:30,sensor_temp_01,20.627823986981138
2025-09-26 13:16:30,sensor_temp_01,20.19800220395543
2025-09-26 13:31:30,sensor_temp_01,20.539572069543766
2025-09-26 13:46:30,sensor_temp_01,20.66362218802689
2025-09-26 14:01:30,sensor_temp_01,20.35701599494129
2025-09-26 14:16:30,sensor_temp_01,20.581844780215953
2025-09-26 14:31:30,sensor_temp_01,20.364088220143348
2025-09-26 14:46:30,sensor_temp_01,20.540604559690774
2025-09-26 15:01:30,sensor_temp_01,20.542754991800084
2025-09-26 15:16:30,sensor_temp_01,20.355247491332076
2025-09-26 15:31:30,sensor_temp_01,20.874358054299535
2025-09-26 15:46:30,sensor_temp_01,20.861315047271955
2025-09-26 16:01:30,sensor_temp_01,21.032338050194443
2025-09-26 16:16:30,sensor_temp_01,20.39966896519807
2025-09-26 16:31:30,sensor_temp_01,20.447153645099274
2025-09-26 16:46:30,sensor_temp_01,20.725392018131767
2025-09-26 17:01:30,sensor_temp_01,20.521062929739486
2025-09-26 17:16:30,sensor_temp_01,21.01639461853597
2025-09-26 17:31:30,sensor_temp_01,21.08543607645255
2025-09-26 17:46:30,sensor_temp_01,20.614330717208595
2025-09-26 18:01:30,sensor_temp_01,20.764382894498553
2025-09-26 18:16:30,sensor_temp_01,21.2061664263636
2025-09-26 18:31:30,sensor_temp_01,20.934561110773465
2025-09-26 18:46:30,sensor_temp_01,21.10044276838144
2025-09-26 19:01:30,sensor_temp_01,21.477944152949348
2025-09-26 19:16:30,sensor_temp_01,21.862721160323687
2025-09-26 19:31:30,sensor_temp_01,21.17578427387754
2025-09-26 19:46:30,sensor_temp_01,21.554300846896698
2025-09-26 20:01:30,sensor_temp_01,22.13596835048226
2025-09-26 20:16:30,sensor_temp_01,22.21524110686556
2025-09-26 20:31:30,sensor_temp_01,21.963802778846787
2025-09-26 20:46:30,sensor_temp_01,22.074753238685197
2025-09-26 21:01:30,sensor_temp_01,22.159754406193716
2025-09-26 21:16:30,sensor_temp_01,22.17583664008023
2025-09-26 21:31:30,sensor_temp_01,22.79880193862511
2025-09-26 21:46:30,sensor_temp_01,22.672313096827132
2025-09-26 22:01:30,sensor_temp_01,22.833181729404508
2025-09-26 22:16:30,sensor_temp_01,23.12223432264668
2025-09-26 22:31:30,sensor_temp_01,22.823342887951302
2025-09-26 22:46:30,sensor_temp_01,22.904457196863557
2025-09-26 23:01:30,sensor_temp_01,23.687966630375545
2025-09-26 23:16:30,sensor_temp_01,23.61843987887218
2025-09-26 23:31:30,sensor_temp_01,23.525939590068976
2025-09-26 23:46:30,sensor_temp_01,23.396083858620443
2025-09-27 00:01:30,sensor_temp_01,24.262973101318256
2025-09-27 00:16:30,sensor_temp_01,23.698914251688763
2025-09-27 00:31:30,sensor_temp_01,23.841475364617214
2025-09-27 00:46:30,sensor_temp_01,23.85475898234855
2025-09-27 01:01:30,sensor_temp_01,24.650777155610232
2025-09-27 01:16:30,sensor_temp_01,24.40516028474387
2025-09-27 01:31:30,sensor_temp_01,24.058499808971224
2025-09-27 01:46:30,sensor_temp_01,24.337441583309285
2025-09-27 02:01:30,sensor_temp_01,24.495489301536292
2025-09-27 02:16:30,sensor_temp_01,24.3743268494732
2025-09-27 02:31:30,sensor_temp_01,24.1379540523683
2025-09-27 02:46:30,sensor_temp_01,24.3333525368954
2025-09-27 03:01:30,sensor_temp_01,24.524629461855945
2025-09-27 03:16:30,sensor_temp_01,24.527375072548462
2025-09-27 03:31:30,sensor_temp_01,24.656043764971997
2025-09-27 03:46:30,sensor_temp_01,24.389312184235852
2025-09-27 04:01:30,sensor_temp_01,24.431715712366586
2025-09-27 04:16:30,sensor_temp_01,24.43871976439688
2025-09-27 04:31:30,sensor_temp_01,24.437064160355522
2025-09-27 04:46:30,sensor_temp_01,24.23208625046507
2025-09-27 05:01:30,sensor_temp_01,23.935335357519662
2025-09-27 05:16:30,sensor_temp_01,23.922692810711148
2025-09-27 05:31:30,sensor_temp_01,23.772124815635607
2025-09-27 05:46:30,sensor_temp_01,24.16795415059735
2025-09-27 06:01:30,sensor_temp_01,23.988157824906356
2025-09-27 06:16:30,sensor_temp_01,23.920668888979076
2025-09-27 06:31:30,sensor_temp_01,24.228172483537445
2025-09-27 06:46:30,sensor_temp_01,23.82891144844182
2025-09-27 07:01:30,sensor_temp_01,23.44797866889895
2025-09-27 07:16:30,sensor_temp_01,23.70589732728174
2025-09-27 07:31:30,sensor_temp_01,23.67118177138865
2025-09-27 07:46:30,sensor_temp_01,23.51447427028767
2025-09-27 08:01:30,sensor_temp_01,23.064032575246333
2025-09-27 08:16:30,sensor_temp_01,22.79980607118712
2025-09-27 08:31:30,sensor_temp_01,23.08779981257365
2025-09-27 08:46:30,sensor_temp_01,23.036159625385267
2025-09-27 09:01:30,sensor_temp_01,22.46113328388482
2025-09-27 09:16:30,sensor_temp_01,22.148796804881542
2025-09-27 09:31:30,sensor_temp_01,22.241099329673034
2025-09-27 09:46:30,sensor_temp_01,22.624279456567876
2025-09-27 10:01:30,sensor_temp_01,22.2378585559878
2025-09-27 10:16:30,sensor_temp_01,22.10831695186213
2025-09-27 10:31:30,sensor_temp_01,21.92939959524565
2025-09-27 10:46:30,sensor_temp_01,22.067951103897347
2025-09-27 11:01:30,sensor_temp_01,21.757574359882568
2025-09-27 11:16:30,sensor_temp_01,21.42976836423827
2025-09-27 11:31:30,sensor_temp_01,21.172099051214445
2025-09-27 11:46:30,sensor_temp_01,21.60694060945429
2025-09-27 12:01:30,sensor_temp_01,21.293913056765025
2025-09-27 12:16:30,sensor_temp_01,21.035285238212825
2025-09-27 12:31:30,sensor_temp_01,21.388472200457805
2025-09-27 12:46:30,sensor_temp_01,21.051692036023226
2025-09-27 13:01:30,sensor_temp_01,20.57821768405925
2025-09-27 13:16:30,sensor_temp_01,21.016640271658698
2025-09-27 13:31:30,sensor_temp_01,20.77071439404212
2025-09-27 13:46:30,sensor_temp_01,20.883540078610416
2025-09-27 14:01:30,sensor_temp_01,20.458861984309284
2025-09-27 14:16:30,sensor_temp_01,20.521318956372717
2025-09-27 14:31:30,sensor_temp_01,20.529880276568523
2025-09-27 14:46:30,sensor_temp_01,20.50204466867751
2025-09-27 15:01:30,sensor_temp_01,20.501791335802217
2025-09-27 15:16:30,sensor_temp_01,20.218244662191623
2025-09-27 15:31:30,sensor_temp_01,20.476859130622042
2025-09-27 15:46:30,sensor_temp_01,20.22210569063488
2025-09-27 16:01:30,sensor_temp_01,20.362690224326986
2025-09-27 16:16:30,sensor_temp_01,20.61348407237409
2025-09-27 16:31:30,sensor_temp_01,20.821572884629575
2025-09-27 16:46:30,sensor_temp_01,20.602131265932226
2025-09-27 17:01:30,sensor_temp_01,20.95654767775532
2025-09-27 17:16:30,sensor_temp_01,20.711397029182084
2025-09-27 17:31:30,sensor_temp_01,20.71339894688124
2025-09-27 17:46:30,sensor_temp_01,20.490982791219682
2025-09-27 18:01:30,sensor_temp_01,21.063901438295147
2025-09-27 18:16:30,sensor_temp_01,21.2685310524747
2025-09-27 18:31:30,sensor_temp_01,20.75259735650956
2025-09-27 18:46:30,sensor_temp_01,20.80813057148523
2025-09-27 19:01:30,sensor_temp_01,22.065569124278056
2025-09-27 19:16:30,sensor_temp_01,21.409598375679515
2025-09-27 19:31:30,sensor_temp_01,21.29453537618594
2025-09-27 19:46:30,sensor_temp_01,20.99121132535098
2025-09-27 20:01:30,sensor_temp_01,21.765127220485812
2025-09-27 20:16:30,sensor_temp_01,22.10724829230896
2025-09-27 20:31:30,sensor_temp_01,21.98869050578878
2025-09-27 20:46:30,sensor_temp_01,22.370244579237472
2025-09-27 21:01:30,sensor_temp_01,22.26842660689598
2025-09-27 21:16:30,sensor_temp_01,22.349447217751905
2025-09-27 21:31:30,sensor_temp_01,22.49672220349089
2025-09-27 21:46:30,sensor_temp_01,22.65255754627181
2025-09-27 22:01:30,sensor_temp_01,22.928868508578482
2025-09-27 22:16:30,sensor_temp_01,23.021291440233725
2025-09-27 22:31:30,sensor_temp_01,23.047646438007
2025-09-27 22:46:30,sensor_temp_01,23.420209340084842
2025-09-27 23:01:30,sensor_temp_01,23.44598539756355
2025-09-27 23:16:30,sensor_temp_01,23.611929064735463
2025-09-27 23:31:30,sensor_temp_01,23.315479644832322
2025-09-27 23:46:30,sensor_temp_01,23.57558939635208
2025-09-28 00:01:30,sensor_temp_01,23.73562187079015
2025-09-28 00:16:30,sensor_temp_01,23.856080235658194
2025-09-28 00:31:30,sensor_temp_01,23.446575687240276
2025-09-28 00:46:30,sensor_temp_01,23.605666434049496
2025-09-28 01:01:30,sensor_temp_01,24.494942455670692
2025-09-28 01:16:30,sensor_temp_01,24.50665938005435
2025-09-28 01:31:30,sensor_temp_01,24.202080218187096
2025-09-28 01:46:30,sensor_temp_01,24.325584502150036
2025-09-28 02:01:30,sensor_temp_01,24.279662126017357
2025-09-28 02:16:30,sensor_temp_01,24.15623596800981
2025-09-28 02:31:30,sensor_temp_01,24.505764176399218
2025-09-28 02:46:30,sensor_temp_01,24.49787544528142
2025-09-28 03:01:30,sensor_temp_01,24.67880377528769
2025-09-28 03:16:30,sensor_temp_01,24.392057016390773
2025-09-28 03:31:30,sensor_temp_01,24.71568966007413
2025-09-28 03:46:30,sensor_temp_01,24.54992232736537
2025-09-28 04:01:30,sensor_temp_01,25.02045588789698
2025-09-28 04:16:30,sensor_temp_01,24.354931098857733
2025-09-28 04:31:30,sensor_temp_01,24.734283030935817
2025-09-28 04:46:30,sensor_temp_01,24.588720095407826
2025-09-28 05:01:30,sensor_temp_01,24.57530142266257
2025-09-28 05:16:30,sensor_temp_01,24.253205631016563
2025-09-28 05:31:30,sensor_temp_01,23.898772249049898
2025-09-28 05:46:30,sensor_temp_01,23.970180181221778
2025-09-28 06:01:30,sensor_temp_01,23.901937380493845
2025-09-28 06:16:30,sensor_temp_01,24.119732413057786
2025-09-28 06:31:30,sensor_temp_01,23.859354176365716
2025-09-28 06:46:30,sensor_temp_01,23.868113054477668
2025-09-28 07:01:30,sensor_temp_01,23.596742723247335
2025-09-28 07:16:30,sensor_temp_01,23.636825514668885
2025-09-28 07:31:30,sensor_temp_01,23.710948724293438
2025-09-28 07:46:30,sensor_temp_01,23.31375164002555
2025-09-28 08:01:30,sensor_temp_01,22.750635369017072
2025-09-28 08:16:30,sensor_temp_01,23.00092358047441
2025-09-28 08:31:30,sensor_temp_01,22.815120005867595
2025-09-28 08:46:30,sensor_temp_01,22.654894583540166
2025-09-28 09:01:30,sensor_temp_01,22.410340615627966
2025-09-28 09:16:30,sensor_temp_01,22.494016663115396
2025-09-28 09:31:30,sensor_temp_01,22.722732585488362
2025-09-28 09:46:30,sensor_temp_01,22.35550986950531
2025-09-28 10:01:30,sensor_temp_01,22.17579631326375
2025-09-28 10:16:30,sensor_temp_01,22.154511827874153
2025-09-28 10:31:30,sensor_temp_01,21.71727371619297
2025-09-28 10:46:30,sensor_temp_01,21.768969328506067
2025-09-28 11:01:30,sensor_temp_01,21.590769736641924
2025-09-28 11:16:30,sensor_temp_01,21.749824304557844
2025-09-28 11:31:30,sensor_temp_01,21.50190935455729
2025-09-28 11:46:30,sensor_temp_01,21.01748866434077
2025-09-28 12:01:30,sensor_temp_01,20.962534937351883
2025-09-28 12:16:30,sensor_temp_01,20.83405031103203
2025-09-28 12:31:30,sensor_temp_01,21.216689487953005
2025-09-28 12:46:30,sensor_temp_01,20.82562927213516
2025-09-28 13:01:30,sensor_temp_01,20.25594983136041
2025-09-21 13:16:30,sensor_luz_01,12.680811951173238
2025-09-21 13:31:30,sensor_luz_01,11.469622863889729
2025-09-21 13:46:30,sensor_luz_01,16.552808198070775
2025-09-21 14:01:30,sensor_luz_01,7.804769082627076
2025-09-21 14:16:30,sensor_luz_01,0.9368034289348994
2025-09-21 14:31:30,sensor_luz_01,0.0
2025-09-21 14:46:30,sensor_luz_01,24.87021846051538
2025-09-21 15:01:30,sensor_luz_01,13.349347086341908
2025-09-21 15:16:30,sensor_luz_01,16.809016699350344
2025-09-21 15:31:30,sensor_luz_01,66.95808109577192
2025-09-21 15:46:30,sensor_luz_01,4.87237804675074
2025-09-21 16:01:30,sensor_luz_01,117.20560544215601
2025-09-21 16:16:30,sensor_luz_01,99.50998741211582
2025-09-21 16:31:30,sensor_luz_01,102.25295502014683
2025-09-21 16:46:30,sensor_luz_01,121.18944172796762
2025-09-21 17:01:30,sensor_luz_01,212.7390727075724
2025-09-21 17:16:30,sensor_luz_01,199.53538731879627
2025-09-21 17:31:30,sensor_luz_01,207.75547362021965
2025-09-21 17:46:30,sensor_luz_01,147.0409135006558
2025-09-21 18:01:30,sensor_luz_01,300.5430278282354
2025-09-21 18:16:30,sensor_luz_01,281.9608955803953
2025-09-21 18:31:30,sensor_luz_01,294.40381602348623
2025-09-21 18:46:30,sensor_luz_01,274.43613246852163
2025-09-21 19:01:30,sensor_luz_01,0.0
2025-09-21 19:16:30,sensor_luz_01,0.0
2025-09-21 19:31:30,sensor_luz_01,0.0
2025-09-21 19:46:30,sensor_luz_01,0.0
2025-09-21 20:01:30,sensor_luz_01,0.0
2025-09-21 20:16:30,sensor_luz_01,0.0
2025-09-21 20:31:30,sensor_luz_01,0.0
2025-09-21 20:46:30,sensor_luz_01,0.0
2025-09-21 21:01:30,sensor_luz_01,0.0
2025-09-21 21:16:30,sensor_luz_01,0.0
2025-09-21 21:31:30,sensor_luz_01,0.0
2025-09-21 21:46:30,sensor_luz_01,0.0
2025-09-21 22:01:30,sensor_luz_01,0.0
2025-09-21 22:16:30,sensor_luz_01,0.0
2025-09-21 22:31:30,sensor_luz_01,0.0
2025-09-21 22:46:30,sensor_luz_01,0.0
2025-09-21 23:01:30,sensor_luz_01,0.0
2025-09-21 23:16:30,sensor_luz_01,0.0
2025-09-21 23:31:30,sensor_luz_01,0.0
2025-09-21 23:46:30,sensor_luz_01,0.0
2025-09-22 00:01:30,sensor_luz_01,0.0
2025-09-22 00:16:30,sensor_luz_01,0.0
2025-09-22 00:31:30,sensor_luz_01,0.0
2025-09-22 00:46:30,sensor_luz_01,0.0
2025-09-22 01:01:30,sensor_luz_01,0.0
2025-09-22 01:16:30,sensor_luz_01,0.0
2025-09-22 01:31:30,sensor_luz_01,0.0
2025-09-22 01:46:30,sensor_luz_01,0.0
2025-09-22 02:01:30,sensor_luz_01,0.0
2025-09-22 02:16:30,sensor_luz_01,0.0
2025-09-22 02:31:30,sensor_luz_01,0.0
2025-09-22 02:46:30,sensor_luz_01,0.0
2025-09-22 03:01:30,sensor_luz_01,0.0
2025-09-22 03:16:30,sensor_luz_01,0.0
2025-09-22 03:31:30,sensor_luz_01,0.0
2025-09-22 03:46:30,sensor_luz_01,0.0
2025-09-22 04:01:30,sensor_luz_01,0.0
2025-09-22 04:16:30,sensor_luz_01,0.0
2025-09-22 04:31:30,sensor_luz_01,0.0
2025-09-22 04:46:30,sensor_luz_01,0.0
2025-09-22 05:01:30,sensor_luz_01,0.0
2025-09-22 05:16:30,sensor_luz_01,0.0
2025-09-22 05:31:30,sensor_luz_01,0.0
2025-09-22 05:46:30,sensor_luz_01,0.0
2025-09-22 06:01:30,sensor_luz_01,0.0
2025-09-22 06:16:30,sensor_luz_01,0.0
2025-09-22 06:31:30,sensor_luz_01,0.0
2025-09-22 06:46:30,sensor_luz_01,0.0
2025-09-22 07:01:30,sensor_luz_01,371.11676244972557
2025-09-22 07:16:30,sensor_luz_01,413.54800028673253
2025-09-22 07:31:30,sensor_luz_01,400.22864756130286
2025-09-22 07:46:30,sensor_luz_01,386.15328205449003
2025-09-22 08:01:30,sensor_luz_01,266.06907628538283
2025-09-22 08:16:30,sensor_luz_01,323.39559670807125
2025-09-22 08:31:30,sensor_luz_01,321.31527578124303
2025-09-22 08:46:30,sensor_luz_01,249.90427138287217
2025-09-22 09:01:30,sensor_luz_01,186.42353113661213
2025-09-22 09:16:30,sensor_luz_01,209.25119122358933
2025-09-22 09:31:30,sensor_luz_01,215.7197041746149
2025-09-22 09:46:30,sensor_luz_01,182.8314463842682
2025-09-22 10:01:30,sensor_luz_01,88.77700327521669
2025-09-22 10:16:30,sensor_luz_01,99.2445259952284
2025-09-22 10:31:30,sensor_luz_01,128.96615631662286
2025-09-22 10:46:30,sensor_luz_01,85.63711610195614
2025-09-22 11:01:30,sensor_luz_01,21.00478172266552
2025-09-22 11:16:30,sensor_luz_01,91.98043752869201
2025-09-22 11:31:30,sensor_luz_01,32.26104471277733
2025-09-22 11:46:30,sensor_luz_01,60.96833744537996
2025-09-22 12:01:30,sensor_luz_01,21.336282714064627
2025-09-22 12:16:30,sensor_luz_01,0.0
2025-09-22 12:31:30,sensor_luz_01,22.613322236698743
2025-09-22 12:46:30,sensor_luz_01,0.6948310700079752
2025-09-22 13:01:30,sensor_luz_01,8.001952941293688
2025-09-22 13:16:30,sensor_luz_01,0.0
2025-09-22 13:31:30,sensor_luz_01,21.182750475810725
2025-09-22 13:46:30,sensor_luz_01,0.0
2025-09-22 14:01:30,sensor_luz_01,0.0
2025-09-22 14:16:30,sensor_luz_01,0.0
2025-09-22 14:31:30,sensor_luz_01,0.0
2025-09-22 14:46:30,sensor_luz_01,31.7091720008032
2025-09-22 15:01:30,sensor_luz_01,40.22554814554799
2025-09-22 15:16:30,sensor_luz_01,67.35416696485015
2025-09-22 15:31:30,sensor_luz_01,124.9167683812243
2025-09-22 15:46:30,sensor_luz_01,47.682971846195926
2025-09-22 16:01:30,sensor_luz_01,137.89021396463158
2025-09-22 16:16:30,sensor_luz_01,161.64810295342954
2025-09-22 16:31:30,sensor_luz_01,167.71598549328314
2025-09-22 16:46:30,sensor_luz_01,121.75464971063587
2025-09-22 17:01:30,sensor_luz_01,241.59767693277882
2025-09-22 17:16:30,sensor_luz_01,206.3646368099893
2025-09-22 17:31:30,sensor_luz_01,201.72954848351606
2025-09-22 17:46:30,sensor_luz_01,204.73231100832024
2025-09-22 18:01:30,sensor_luz_01,289.8775354208746
2025-09-22 18:16:30,sensor_luz_01,301.8942556996173
2025-09-22 18:31:30,sensor_luz_01,296.3532364932281
2025-09-22 18:46:30,sensor_luz_01,333.9527716676227
2025-09-22 19:01:30,sensor_luz_01,0.0
2025-09-22 19:16:30,sensor_luz_01,0.0
2025-09-22 19:31:30,sensor_luz_01,0.0
2025-09-22 19:46:30,sensor_luz_01,0.0
2025-09-22 20:01:30,sensor_luz_01,0.0
2025-09-22 20:16:30,sensor_luz_01,0.0
2025-09-22 20:31:30,sensor_luz_01,0.0
2025-09-22 20:46:30,sensor_luz_01,0.0
2025-09-22 21:01:30,sensor_luz_01,0.0
2025-09-22 21:16:30,sensor_luz_01,0.0
2025-09-22 21:31:30,sensor_luz_01,0.0
2025-09-22 21:46:30,sensor_luz_01,0.0
2025-09-22 22:01:30,sensor_luz_01,0.0
2025-09-22 22:16:30,sensor_luz_01,0.0
2025-09-22 22:31:30,sensor_luz_01,0.0
2025-09-22 22:46:30,sensor_luz_01,0.0
2025-09-22 23:01:30,sensor_luz_01,0.0
2025-09-22 23:16:30,sensor_luz_01,0.0
2025-09-22 23:31:30,sensor_luz_01,0.0
2025-09-22 23:46:30,sensor_luz_01,0.0
2025-09-23 00:01:30,sensor_luz_01,0.0
2025-09-23 00:16:30,sensor_luz_01,0.0
2025-09-23 00:31:30,sensor_luz_01,0.0
2025-09-23 00:46:30,sensor_luz_01,0.0
2025-09-23 01:01:30,sensor_luz_01,0.0
2025-09-23 01:16:30,sensor_luz_01,0.0
2025-09-23 01:31:30,sensor_luz_01,0.0
2025-09-23 01:46:30,sensor_luz_01,0.0
2025-09-23 02:01:30,sensor_luz_01,0.0
2025-09-23 02:16:30,sensor_luz_01,0.0
2025-09-23 02:31:30,sensor_luz_01,0.0
2025-09-23 02:46:30,sensor_luz_01,0.0
2025-09-23 03:01:30,sensor_luz_01,0.0
2025-09-23 03:16:30,sensor_luz_01,0.0
2025-09-23 03:31:30,sensor_luz_01,0.0
2025-09-23 03:46:30,sensor_luz_01,0.0
2025-09-23 04:01:30,sensor_luz_01,0.0
2025-09-23 04:16:30,sensor_luz_01,0.0
2025-09-23 04:31:30,sensor_luz_01,0.0
2025-09-23 04:46:30,sensor_luz_01,0.0
2025-09-23 05:01:30,sensor_luz_01,0.0
2025-09-23 05:16:30,sensor_luz_01,0.0
2025-09-23 05:31:30,sensor_luz_01,0.0
2025-09-23 05:46:30,sensor_luz_01,0.0
2025-09-23 06:01:30,sensor_luz_01,0.0
2025-09-23 06:16:30,sensor_luz_01,0.0
2025-09-23 06:31:30,sensor_luz_01,0.0
2025-09-23 06:46:30,sensor_luz_01,0.0
2025-09-23 07:01:30,sensor_luz_01,382.19428244348904
2025-09-23 07:16:30,sensor_luz_01,389.0421743179258
2025-09-23 07:31:30,sensor_luz_01,406.9507284419246
2025-09-23 07:46:30,sensor_luz_01,400.8143124238473
2025-09-23 08:01:30,sensor_luz_01,286.19518763762204
2025-09-23 08:16:30,sensor_luz_01,306.0219525896035
2025-09-23 08:31:30,sensor_luz_01,257.7821805296819
2025-09-23 08:46:30,sensor_luz_01,300.9449759535546
2025-09-23 09:01:30,sensor_luz_01,200.02623545629416
2025-09-23 09:16:30,sensor_luz_01,234.86422464294114
2025-09-23 09:31:30,sensor_luz_01,214.10483794103513
2025-09-23 09:46:30,sensor_luz_01,145.82546152593227
2025-09-23 10:01:30,sensor_luz_01,146.4578387980992
2025-09-23 10:16:30,sensor_luz_01,111.32763679165558
2025-09-23 10:31:30,sensor_luz_01,132.66436420874481
2025-09-23 10:46:30,sensor_luz_01,121.45405518447575
2025-09-23 11:01:30,sensor_luz_01,89.10413281026649
2025-09-23 11:16:30,sensor_luz_01,102.23815640700778
2025-09-23 11:31:30,sensor_luz_01,32.64883223573027
2025-09-23 11:46:30,sensor_luz_01,55.06900482871137
2025-09-23 12:01:30,sensor_luz_01,14.533485810743903
2025-09-23 12:16:30,sensor_luz_01,0.0
2025-09-23 12:31:30,sensor_luz_01,45.48199422166196
2025-09-23 12:46:30,sensor_luz_01,0.0
2025-09-23 13:01:30,sensor_luz_01,35.49590698926849
2025-09-23 13:16:30,sensor_luz_01,0.42213469063958037
2025-09-23 13:31:30,sensor_luz_01,0.0
2025-09-23 13:46:30,sensor_luz_01,29.95508060319728
2025-09-23 14:01:30,sensor_luz_01,0.0
2025-09-23 14:16:30,sensor_luz_01,50.99098537198725
2025-09-23 14:31:30,sensor_luz_01,49.68635688927753
2025-09-23 14:46:30,sensor_luz_01,32.16594428642747
2025-09-23 15:01:30,sensor_luz_01,70.58925792229319
2025-09-23 15:16:30,sensor_luz_01,36.69496433618558
2025-09-23 15:31:30,sensor_luz_01,97.25904374809338
2025-09-23 15:46:30,sensor_luz_01,2.05313807856232
2025-09-23 16:01:30,sensor_luz_01,102.59765072371701
2025-09-23 16:16:30,sensor_luz_01,126.42283300861635
2025-09-23 16:31:30,sensor_luz_01,135.67929295494815
2025-09-23 16:46:30,sensor_luz_01,153.27826231679492
2025-09-23 17:01:30,sensor_luz_01,180.99939980463245
2025-09-23 17:16:30,sensor_luz_01,206.8221478483468
2025-09-23 17:31:30,sensor_luz_01,252.41522262848417
2025-09-23 17:46:30,sensor_luz_01,243.64868327410554
2025-09-23 18:01:30,sensor_luz_01,296.8584954478252
2025-09-23 18:16:30,sensor_luz_01,262.7122654661385
2025-09-23 18:31:30,sensor_luz_01,293.6834000917846
2025-09-23 18:46:30,sensor_luz_01,326.6926304791982
2025-09-23 19:01:30,sensor_luz_01,0.0
2025-09-23 19:16:30,sensor_luz_01,0.0
2025-09-23 19:31:30,sensor_luz_01,0.0
2025-09-23 19:46:30,sensor_luz_01,0.0
2025-09-23 20:01:30,sensor_luz_01,0.0
2025-09-23 20:16:30,sensor_luz_01,0.0
2025-09-23 20:31:30,sensor_luz_01,0.0
2025-09-23 20:46:30,sensor_luz_01,0.0
2025-09-23 21:01:30,sensor_luz_01,0.0
2025-09-23 21:16:30,sensor_luz_01,0.0
2025-09-23 21:31:30,sensor_luz_01,0.0
2025-09-23 21:46:30,sensor_luz_01,0.0
2025-09-23 22:01:30,sensor_luz_01,0.0
2025-09-23 22:16:30,sensor_luz_01,0.0
2025-09-23 22:31:30,sensor_luz_01,0.0
2025-09-23 22:46:30,sensor_luz_01,0.0
2025-09-23 23:01:30,sensor_luz_01,0.0
2025-09-23 23:16:30,sensor_luz_01,0.0
2025-09-23 23:31:30,sensor_luz_01,0.0
2025-09-23 23:46:30,sensor_luz_01,0.0
2025-09-24 00:01:30,sensor_luz_01,0.0
2025-09-24 00:16:30,sensor_luz_01,0.0
2025-09-24 00:31:30,sensor_luz_01,0.0
2025-09-24 00:46:30,sensor_luz_01,0.0
2025-09-24 01:01:30,sensor_luz_01,0.0
2025-09-24 01:16:30,sensor_luz_01,0.0
2025-09-24 01:31:30,sensor_luz_01,0.0
2025-09-24 01:46:30,sensor_luz_01,0.0
2025-09-24 02:01:30,sensor_luz_01,0.0
2025-09-24 02:16:30,sensor_luz_01,0.0
2025-09-24 02:31:30,sensor_luz_01,0.0
2025-09-24 02:46:30,sensor_luz_01,0.0
2025-09-24 03:01:30,sensor_luz_01,0.0
2025-09-24 03:16:30,sensor_luz_01,0.0
2025-09-24 03:31:30,sensor_luz_01,0.0
2025-09-24 03:46:30,sensor_luz_01,0.0
2025-09-24 04:01:30,sensor_luz_01,0.0
2025-09-24 04:16:30,sensor_luz_01,0.0
2025-09-24 04:31:30,sensor_luz_01,0.0
2025-09-24 04:46:30,sensor_luz_01,0.0
2025-09-24 05:01:30,sensor_luz_01,0.0
2025-09-24 05:16:30,sensor_luz_01,0.0
2025-09-24 05:31:30,sensor_luz_01,0.0
2025-09-24 05:46:30,sensor_luz_01,0.0
2025-09-24 06:01:30,sensor_luz_01,0.0
2025-09-24 06:16:30,sensor_luz_01,0.0
2025-09-24 06:31:30,sensor_luz_01,0.0
2025-09-24 06:46:30,sensor_luz_01,0.0
2025-09-24 07:01:30,sensor_luz_01,435.01901174704057
2025-09-24 07:16:30,sensor_luz_01,404.45817360978907
2025-09-24 07:31:30,sensor_luz_01,373.8980514763556
2025-09-24 07:46:30,sensor_luz_01,383.4597607022549
2025-09-24 08:01:30,sensor_luz_01,281.90250468334904
2025-09-24 08:16:30,sensor_luz_01,299.06631400767816
2025-09-24 08:31:30,sensor_luz_01,291.8070676781962
2025-09-24 08:46:30,sensor_luz_01,311.270012155803
2025-09-24 09:01:30,sensor_luz_01,181.64861651258485
2025-09-24 09:16:30,sensor_luz_01,214.13287143654148
2025-09-24 09:31:30,sensor_luz_01,179.9410544756917
2025-09-24 09:46:30,sensor_luz_01,173.19744414846596
2025-09-24 10:01:30,sensor_luz_01,102.01511785741437
2025-09-24 10:16:30,sensor_luz_01,124.23343311618959
2025-09-24 10:31:30,sensor_luz_01,166.64989656223682
2025-09-24 10:46:30,sensor_luz_01,164.31413277935332
2025-09-24 11:01:30,sensor_luz_01,24.72233618023131
2025-09-24 11:16:30,sensor_luz_01,65.85637818537035
2025-09-24 11:31:30,sensor_luz_01,117.4163144093788
2025-09-24 11:46:30,sensor_luz_01,22.059563403900185
2025-09-24 12:01:30,sensor_luz_01,28.865884549983175
2025-09-24 12:16:30,sensor_luz_01,0.0
2025-09-24 12:31:30,sensor_luz_01,26.73254145585249
2025-09-24 12:46:30,sensor_luz_01,0.0
2025-09-24 13:01:30,sensor_luz_01,24.355746812044867
2025-09-24 13:16:30,sensor_luz_01,0.0
2025-09-24 13:31:30,sensor_luz_01,41.070292026135505
2025-09-24 13:46:30,sensor_luz_01,27.7252652884798
2025-09-24 14:01:30,sensor_luz_01,18.519339575546
2025-09-24 14:16:30,sensor_luz_01,0.0
2025-09-24 14:31:30,sensor_luz_01,28.012458463389905
2025-09-24 14:46:30,sensor_luz_01,3.2447200656631487
2025-09-24 15:01:30,sensor_luz_01,64.01882138142274
2025-09-24 15:16:30,sensor_luz_01,53.23181292403314
2025-09-24 15:31:30,sensor_luz_01,73.65845228110877
2025-09-24 15:46:30,sensor_luz_01,50.75148558950404
2025-09-24 16:01:30,sensor_luz_01,150.27099566735117
2025-09-24 16:16:30,sensor_luz_01,134.98809415325098
2025-09-24 16:31:30,sensor_luz_01,140.4530110924969
2025-09-24 16:46:30,sensor_luz_01,121.14058128537656
2025-09-24 17:01:30,sensor_luz_01,176.17703529373938
2025-09-24 17:16:30,sensor_luz_01,231.21131249807038
2025-09-24 17:31:30,sensor_luz_01,181.7506584355774
2025-09-24 17:46:30,sensor_luz_01,199.4163822019448
2025-09-24 18:01:30,sensor_luz_01,294.31499320936473
2025-09-24 18:16:30,sensor_luz_01,306.37821172190274
2025-09-24 18:31:30,sensor_luz_01,265.6976599654347
2025-09-24 18:46:30,sensor_luz_01,317.5701911635688
2025-09-24 19:01:30,sensor_luz_01,0.0
2025-09-24 19:16:30,sensor_luz_01,0.0
2025-09-24 19:31:30,sensor_luz_01,0.0
2025-09-24 19:46:30,sensor_luz_01,0.0
2025-09-24 20:01:30,sensor_luz_01,0.0
2025-09-24 20:16:30,sensor_luz_01,0.0
2025-09-24 20:31:30,sensor_luz_01,0.0
2025-09-24 20:46:30,sensor_luz_01,0.0
2025-09-24 21:01:30,sensor_luz_01,0.0
2025-09-24 21:16:30,sensor_luz_01,0.0
2025-09-24 21:31:30,sensor_luz_01,0.0
2025-09-24 21:46:30,sensor_luz_01,0.0
2025-09-24 22:01:30,sensor_luz_01,0.0
2025-09-24 22:16:30,sensor_luz_01,0.0
2025-09-24 22:31:30,sensor_luz_01,0.0
2025-09-24 22:46:30,sensor_luz_01,0.0
2025-09-24 23:01:30,sensor_luz_01,0.0
2025-09-24 23:16:30,sensor_luz_01,0.0
2025-09-24 23:31:30,sensor_luz_01,0.0
2025-09-24 23:46:30,sensor_luz_01,0.0
2025-09-25 00:01:30,sensor_luz_01,0.0
2025-09-25 00:16:30,sensor_luz_01,0.0
2025-09-25 00:31:30,sensor_luz_01,0.0
2025-09-25 00:46:30,sensor_luz_01,0.0
2025-09-25 01:01:30,sensor_luz_01,0.0
2025-09-25 01:16:30,sensor_luz_01,0.0
2025-09-25 01:31:30,sensor_luz_01,0.0
2025-09-25 01:46:30,sensor_luz_01,0.0
2025-09-25 02:01:30,sensor_luz_01,0.0
2025-09-25 02:16:30,sensor_luz_01,0.0
2025-09-25 02:31:30,sensor_luz_01,0.0
2025-09-25 02:46:30,sensor_luz_01,0.0
2025-09-25 03:01:30,sensor_luz_01,0.0
2025-09-25 03:16:30,sensor_luz_01,0.0
2025-09-25 03:31:30,sensor_luz_01,0.0
2025-09-25 03:46:30,sensor_luz_01,0.0
2025-09-25 04:01:30,sensor_luz_01,0.0
2025-09-25 04:16:30,sensor_luz_01,0.0
2025-09-25 04:31:30,sensor_luz_01,0.0
2025-09-25 04:46:30,sensor_luz_01,0.0
2025-09-25 05:01:30,sensor_luz_01,0.0
2025-09-25 05:16:30,sensor_luz_01,0.0
2025-09-25 05:31:30,sensor_luz_01,0.0
2025-09-25 05:46:30,sensor_luz_01,0.0
2025-09-25 06:01:30,sensor_luz_01,0.0
2025-09-25 06:16:30,sensor_luz_01,0.0
2025-09-25 06:31:30,sensor_luz_01,0.0
2025-09-25 06:46:30,sensor_luz_01,0.0
2025-09-25 07:01:30,sensor_luz_01,390.00197973208043
2025-09-25 07:16:30,sensor_luz_01,391.06028567745886
2025-09-25 07:31:30,sensor_luz_01,369.4614036949073
2025-09-25 07:46:30,sensor_luz_01,377.79729070200267
2025-09-25 08:01:30,sensor_luz_01,394.52066369786587
2025-09-25 08:16:30,sensor_luz_01,300.34767133865074
2025-09-25 08:31:30,sensor_luz_01,301.7121365438128
2025-09-25 08:46:30,sensor_luz_01,297.3171737125628
2025-09-25 09:01:30,sensor_luz_01,208.61637875813864
2025-09-25 09:16:30,sensor_luz_01,134.5337081221362
2025-09-25 09:31:30,sensor_luz_01,197.45253702541171
2025-09-25 09:46:30,sensor_luz_01,170.52429934131763
2025-09-25 10:01:30,sensor_luz_01,129.01975267867454
2025-09-25 10:16:30,sensor_luz_01,112.98253026453673
2025-09-25 10:31:30,sensor_luz_01,106.55104119035272
2025-09-25 10:46:30,sensor_luz_01,122.62867908557426
2025-09-25 11:01:30,sensor_luz_01,51.40325717755644
2025-09-25 11:16:30,sensor_luz_01,43.72926746029933
2025-09-25 11:31:30,sensor_luz_01,40.66355377660979
2025-09-25 11:46:30,sensor_luz_01,75.87571771159155
2025-09-25 12:01:30,sensor_luz_01,39.35551473682722
2025-09-25 12:16:30,sensor_luz_01,22.86719725682328
2025-09-25 12:31:30,sensor_luz_01,38.570501781799244
2025-09-25 12:46:30,sensor_luz_01,24.138298726175606
2025-09-25 13:01:30,sensor_luz_01,41.055844678651354
2025-09-25 13:16:30,sensor_luz_01,8.199120183228573
2025-09-25 13:31:30,sensor_luz_01,0.0
2025-09-25 13:46:30,sensor_luz_01,3.6730278067399356
2025-09-25 14:01:30,sensor_luz_01,26.74231128204402
2025-09-25 14:16:30,sensor_luz_01,0.0
2025-09-25 14:31:30,sensor_luz_01,0.0
2025-09-25 14:46:30,sensor_luz_01,43.8625303310294
2025-09-25 15:01:30,sensor_luz_01,95.27830770273985
2025-09-25 15:16:30,sensor_luz_01,46.770383368242605
2025-09-25 15:31:30,sensor_luz_01,25.67079623140983
2025-09-25 15:46:30,sensor_luz_01,46.114713514200304
2025-09-25 16:01:30,sensor_luz_01,162.6370665813346
2025-09-25 16:16:30,sensor_luz_01,66.73260248846077
2025-09-25 16:31:30,sensor_luz_01,121.75261967503224
2025-09-25 16:46:30,sensor_luz_01,137.840930294809
2025-09-25 17:01:30,sensor_luz_01,188.3151564530985
2025-09-25 17:16:30,sensor_luz_01,212.29229583299477
2025-09-25 17:31:30,sensor_luz_01,209.1623295168282
2025-09-25 17:46:30,sensor_luz_01,202.68128620689873
2025-09-25 18:01:30,sensor_luz_01,253.0192325462437
2025-09-25 18:16:30,sensor_luz_01,283.3810520301279
2025-09-25 18:31:30,sensor_luz_01,317.7610391933211
2025-09-25 18:46:30,sensor_luz_01,266.2211945585184
2025-09-25 19:01:30,sensor_luz_01,0.0
2025-09-25 19:16:30,sensor_luz_01,0.0
2025-09-25 19:31:30,sensor_luz_01,0.0
2025-09-25 19:46:30,sensor_luz_01,0.0
2025-09-25 20:01:30,sensor_luz_01,0.0
2025-09-25 20:16:30,sensor_luz_01,0.0
2025-09-25 20:31:30,sensor_luz_01,0.0
2025-09-25 20:46:30,sensor_luz_01,0.0
2025-09-25 21:01:30,sensor_luz_01,0.0
2025-09-25 21:16:30,sensor_luz_01,0.0
2025-09-25 21:31:30,sensor_luz_01,0.0
2025-09-25 21:46:30,sensor_luz_01,0.0
2025-09-25 22:01:30,sensor_luz_01,0.0
2025-09-25 22:16:30,sensor_luz_01,0.0
2025-09-25 22:31:30,sensor_luz_01,0.0
2025-09-25 22:46:30,sensor_luz_01,0.0
2025-09-25 23:01:30,sensor_luz_01,0.0
2025-09-25 23:16:30,sensor_luz_01,0.0
2025-09-25 23:31:30,sensor_luz_01,0.0
2025-09-25 23:46:30,sensor_luz_01,0.0
2025-09-26 00:01:30,sensor_luz_01,0.0
2025-09-26 00:16:30,sensor_luz_01,0.0
2025-09-26 00:31:30,sensor_luz_01,0.0
2025-09-26 00:46:30,sensor_luz_01,0.0
2025-09-26 01:01:30,sensor_luz_01,0.0
2025-09-26 01:16:30,sensor_luz_01,0.0
2025-09-26 01:31:30,sensor_luz_01,0.0
2025-09-26 01:46:30,sensor_luz_01,0.0
2025-09-26 02:01:30,sensor_luz_01,0.0
2025-09-26 02:16:30,sensor_luz_01,0.0
2025-09-26 02:31:30,sensor_luz_01,0.0
2025-09-26 02:46:30,sensor_luz_01,0.0
2025-09-26 03:01:30,sensor_luz_01,0.0
2025-09-26 03:16:30,sensor_luz_01,0.0
2025-09-26 03:31:30,sensor_luz_01,0.0
2025-09-26 03:46:30,sensor_luz_01,0.0
2025-09-26 04:01:30,sensor_luz_01,0.0
2025-09-26 04:16:30,sensor_luz_01,0.0
2025-09-26 04:31:30,sensor_luz_01,0.0
2025-09-26 04:46:30,sensor_luz_01,0.0
2025-09-26 05:01:30,sensor_luz_01,0.0
2025-09-26 05:16:30,sensor_luz_01,0.0
2025-09-26 05:31:30,sensor_luz_01,0.0
2025-09-26 05:46:30,sensor_luz_01,0.0
2025-09-26 06:01:30,sensor_luz_01,0.0
2025-09-26 06:16:30,sensor_luz_01,0.0
2025-09-26 06:31:30,sensor_luz_01,0.0
2025-09-26 06:46:30,sensor_luz_01,0.0
2025-09-26 07:01:30,sensor_luz_01,391.7057783415252
2025-09-26 07:16:30,sensor_luz_01,419.8274481772654
2025-09-26 07:31:30,sensor_luz_01,402.25089349980357
2025-09-26 07:46:30,sensor_luz_01,418.2737267742554
2025-09-26 08:01:30,sensor_luz_01,287.19270049301025
2025-09-26 08:16:30,sensor_luz_01,290.5182485205964
2025-09-26 08:31:30,sensor_luz_01,312.2716660777668
2025-09-26 08:46:30,sensor_luz_01,277.7983733322667
2025-09-26 09:01:30,sensor_luz_01,230.51044106792955
2025-09-26 09:16:30,sensor_luz_01,195.520518036443
2025-09-26 09:31:30,sensor_luz_01,223.71752964081836
2025-09-26 09:46:30,sensor_luz_01,202.71295335801108
2025-09-26 10:01:30,sensor_luz_01,91.3586178822959
2025-09-26 10:16:30,sensor_luz_01,119.45129361081567
2025-09-26 10:31:30,sensor_luz_01,73.7238773202827
2025-09-26 10:46:30,sensor_luz_01,117.614384874094
2025-09-26 11:01:30,sensor_luz_01,73.89830701491024
2025-09-26 11:16:30,sensor_luz_01,50.124647707655136
2025-09-26 11:31:30,sensor_luz_01,15.810710205783693
2025-09-26 11:46:30,sensor_luz_01,53.18804519734406
2025-09-26 12:01:30,sensor_luz_01,0.0
2025-09-26 12:16:30,sensor_luz_01,0.0
2025-09-26 12:31:30,sensor_luz_01,14.55191855802269
2025-09-26 12:46:30,sensor_luz_01,9.441823200822348
2025-09-26 13:01:30,sensor_luz_01,37.287334257941886
2025-09-26 13:16:30,sensor_luz_01,0.0
2025-09-26 13:31:30,sensor_luz_01,0.0
2025-09-26 13:46:30,sensor_luz_01,34.8995496811645
2025-09-26 14:01:30,sensor_luz_01,7.276779269053148
2025-09-26 14:16:30,sensor_luz_01,0.0
2025-09-26 14:31:30,sensor_luz_01,18.51582893808325
2025-09-26 14:46:30,sensor_luz_01,41.64957030242847
2025-09-26 15:01:30,sensor_luz_01,48.32469453843836
2025-09-26 15:16:30,sensor_luz_01,68.99781021634932
2025-09-26 15:31:30,sensor_luz_01,37.87625703568958
2025-09-26 15:46:30,sensor_luz_01,26.809794272733132
2025-09-26 16:01:30,sensor_luz_01,113.26922922257553
2025-09-26 16:16:30,sensor_luz_01,74.44310435144234
2025-09-26 16:31:30,sensor_luz_01,124.84959776108288
2025-09-26 16:46:30,sensor_luz_01,139.21602296126963
2025-09-26 17:01:30,sensor_luz_01,226.5834575377856
2025-09-26 17:16:30,sensor_luz_01,250.01959685371517
2025-09-26 17:31:30,sensor_luz_01,215.4512272562369
2025-09-26 17:46:30,sensor_luz_01,183.78400628460548
2025-09-26 18:01:30,sensor_luz_01,287.4654521419107
2025-09-26 18:16:30,sensor_luz_01,289.44639803188477
2025-09-26 18:31:30,sensor_luz_01,249.39283191383373
2025-09-26 18:46:30,sensor_luz_01,262.48564894110604
2025-09-26 19:01:30,sensor_luz_01,0.0
2025-09-26 19:16:30,sensor_luz_01,0.0
2025-09-26 19:31:30,sensor_luz_01,0.0
2025-09-26 19:46:30,sensor_luz_01,0.0
2025-09-26 20:01:30,sensor_luz_01,0.0
2025-09-26 20:16:30,sensor_luz_01,0.0
2025-09-26 20:31:30,sensor_luz_01,0.0
2025-09-26 20:46:30,sensor_luz_01,0.0
2025-09-26 21:01:30,sensor_luz_01,0.0
2025-09-26 21:16:30,sensor_luz_01,0.0
2025-09-26 21:31:30,sensor_luz_01,0.0
2025-09-26 21:46:30,sensor_luz_01,0.0
2025-09-26 22:01:30,sensor_luz_01,0.0
2025-09-26 22:16:30,sensor_luz_01,0.0
2025-09-26 22:31:30,sensor_luz_01,0.0
2025-09-26 22:46:30,sensor_luz_01,0.0
2025-09-26 23:01:30,sensor_luz_01,0.0
2025-09-26 23:16:30,sensor_luz_01,0.0
2025-09-26 23:31:30,sensor_luz_01,0.0
2025-09-26 23:46:30,sensor_luz_01,0.0
2025-09-27 00:01:30,sensor_luz_01,0.0
2025-09-27 00:16:30,sensor_luz_01,0.0
2025-09-27 00:31:30,sensor_luz_01,0.0
2025-09-27 00:46:30,sensor_luz_01,0.0
2025-09-27 01:01:30,sensor_luz_01,0.0
2025-09-27 01:16:30,sensor_luz_01,0.0
2025-09-27 01:31:30,sensor_luz_01,0.0
2025-09-27 01:46:30,sensor_luz_01,0.0
2025-09-27 02:01:30,sensor_luz_01,0.0
2025-09-27 02:16:30,sensor_luz_01,0.0
2025-09-27 02:31:30,sensor_luz_01,0.0
2025-09-27 02:46:30,sensor_luz_01,0.0
2025-09-27 03:01:30,sensor_luz_01,0.0
2025-09-27 03:16:30,sensor_luz_01,0.0
2025-09-27 03:31:30,sensor_luz_01,0.0
2025-09-27 03:46:30,sensor_luz_01,0.0
2025-09-27 04:01:30,sensor_luz_01,0.0
2025-09-27 04:16:30,sensor_luz_01,0.0
2025-09-27 04:31:30,sensor_luz_01,0.0
2025-09-27 04:46:30,sensor_luz_01,0.0
2025-09-27 05:01:30,sensor_luz_01,0.0
2025-09-27 05:16:30,sensor_luz_01,0.0
2025-09-27 05:31:30,sensor_luz_01,0.0
2025-09-27 05:46:30,sensor_luz_01,0.0
2025-09-27 06:01:30,sensor_luz_01,0.0
2025-09-27 06:16:30,sensor_luz_01,0.0
2025-09-27 06:31:30,sensor_luz_01,0.0
2025-09-27 06:46:30,sensor_luz_01,0.0
2025-09-27 07:01:30,sensor_luz_01,391.09254624942565
2025-09-27 07:16:30,sensor_luz_01,448.93903820331707
2025-09-27 07:31:30,sensor_luz_01,440.4786292911183
2025-09-27 07:46:30,sensor_luz_01,393.0338314730044
2025-09-27 08:01:30,sensor_luz_01,291.73314954991935
2025-09-27 08:16:30,sensor_luz_01,272.3760013986753
2025-09-27 08:31:30,sensor_luz_01,299.3548691256227
2025-09-27 08:46:30,sensor_luz_01,286.3441733599771
2025-09-27 09:01:30,sensor_luz_01,188.0937911785408
2025-09-27 09:16:30,sensor_luz_01,173.85134698092153
2025-09-27 09:31:30,sensor_luz_01,170.05382192369854
2025-09-27 09:46:30,sensor_luz_01,218.12025443174764
2025-09-27 10:01:30,sensor_luz_01,151.88494676439842
2025-09-27 10:16:30,sensor_luz_01,177.4578544128501
2025-09-27 10:31:30,sensor_luz_01,112.52980637207602
2025-09-27 10:46:30,sensor_luz_01,137.11316387795281
2025-09-27 11:01:30,sensor_luz_01,77.00196373065349
2025-09-27 11:16:30,sensor_luz_01,65.48732940632704
2025-09-27 11:31:30,sensor_luz_01,49.29728398956754
2025-09-27 11:46:30,sensor_luz_01,53.267406724770694
2025-09-27 12:01:30,sensor_luz_01,59.68412465362859
2025-09-27 12:16:30,sensor_luz_01,0.0
2025-09-27 12:31:30,sensor_luz_01,0.0
2025-09-27 12:46:30,sensor_luz_01,25.345461829184387
2025-09-27 13:01:30,sensor_luz_01,10.126150517905156
2025-09-27 13:16:30,sensor_luz_01,23.80464791281954
2025-09-27 13:31:30,sensor_luz_01,8.766675690478476
2025-09-27 13:46:30,sensor_luz_01,45.975586009522125
2025-09-27 14:01:30,sensor_luz_01,29.660612741808073
2025-09-27 14:16:30,sensor_luz_01,17.522003533417163
2025-09-27 14:31:30,sensor_luz_01,0.0
2025-09-27 14:46:30,sensor_luz_01,19.138944709114817
2025-09-27 15:01:30,sensor_luz_01,115.6363583454482
2025-09-27 15:16:30,sensor_luz_01,66.06941293660978
2025-09-27 15:31:30,sensor_luz_01,17.07399162977587
2025-09-27 15:46:30,sensor_luz_01,51.60589262875014
2025-09-27 16:01:30,sensor_luz_01,100.1474995030162
2025-09-27 16:16:30,sensor_luz_01,158.07623693588027
2025-09-27 16:31:30,sensor_luz_01,145.05518491597758
2025-09-27 16:46:30,sensor_luz_01,109.95812542830677
2025-09-27 17:01:30,sensor_luz_01,216.1285901753625
2025-09-27 17:16:30,sensor_luz_01,205.9241690380361
2025-09-27 17:31:30,sensor_luz_01,182.20278404884237
2025-09-27 17:46:30,sensor_luz_01,184.38784703657788
2025-09-27 18:01:30,sensor_luz_01,306.4629182126492
2025-09-27 18:16:30,sensor_luz_01,353.89883786018135
2025-09-27 18:31:30,sensor_luz_01,313.03241751810094
2025-09-27 18:46:30,sensor_luz_01,283.5146290704893
2025-09-27 19:01:30,sensor_luz_01,0.0
2025-09-27 19:16:30,sensor_luz_01,0.0
2025-09-27 19:31:30,sensor_luz_01,0.0
2025-09-27 19:46:30,sensor_luz_01,0.0
2025-09-27 20:01:30,sensor_luz_01,0.0
2025-09-27 20:16:30,sensor_luz_01,0.0
2025-09-27 20:31:30,sensor_luz_01,0.0
2025-09-27 20:46:30,sensor_luz_01,0.0
2025-09-27 21:01:30,sensor_luz_01,0.0
2025-09-27 21:16:30,sensor_luz_01,0.0
2025-09-27 21:31:30,sensor_luz_01,0.0
2025-09-27 21:46:30,sensor_luz_01,0.0
2025-09-27 22:01:30,sensor_luz_01,0.0
2025-09-27 22:16:30,sensor_luz_01,0.0
2025-09-27 22:31:30,sensor_luz_01,0.0
2025-09-27 22:46:30,sensor_luz_01,0.0
2025-09-27 23:01:30,sensor_luz_01,0.0
2025-09-27 23:16:30,sensor_luz_01,0.0
2025-09-27 23:31:30,sensor_luz_01,0.0
2025-09-27 23:46:30,sensor_luz_01,0.0
2025-09-28 00:01:30,sensor_luz_01,0.0
2025-09-28 00:16:30,sensor_luz_01,0.0
2025-09-28 00:31:30,sensor_luz_01,0.0
2025-09-28 00:46:30,sensor_luz_01,0.0
2025-09-28 01:01:30,sensor_luz_01,0.0
2025-09-28 01:16:30,sensor_luz_01,0.0
2025-09-28 01:31:30,sensor_luz_01,0.0
2025-09-28 01:46:30,sensor_luz_01,0.0
2025-09-28 02:01:30,sensor_luz_01,0.0
2025-09-28 02:16:30,sensor_luz_01,0.0
2025-09-28 02:31:30,sensor_luz_01,0.0
2025-09-28 02:46:30,sensor_luz_01,0.0
2025-09-28 03:01:30,sensor_luz_01,0.0
2025-09-28 03:16:30,sensor_luz_01,0.0
2025-09-28 03:31:30,sensor_luz_01,0.0
2025-09-28 03:46:30,sensor_luz_01,0.0
2025-09-28 04:01:30,sensor_luz_01,0.0
2025-09-28 04:16:30,sensor_luz_01,0.0
2025-09-28 04:31:30,sensor_luz_01,0.0
2025-09-28 04:46:30,sensor_luz_01,0.0
2025-09-28 05:01:30,sensor_luz_01,0.0
2025-09-28 05:16:30,sensor_luz_01,0.0
2025-09-28 05:31:30,sensor_luz_01,0.0
2025-09-28 05:46:30,sensor_luz_01,0.0
2025-09-28 06:01:30,sensor_luz_01,0.0
2025-09-28 06:16:30,sensor_luz_01,0.0
2025-09-28 06:31:30,sensor_luz_01,0.0
2025-09-28 06:46:30,sensor_luz_01,0.0
2025-09-28 07:01:30,sensor_luz_01,387.5267910649022
2025-09-28 07:16:30,sensor_luz_01,372.45677831235616
2025-09-28 07:31:30,sensor_luz_01,407.90429782988986
2025-09-28 07:46:30,sensor_luz_01,410.30138867901053
2025-09-28 08:01:30,sensor_luz_01,272.4985538958391
2025-09-28 08:16:30,sensor_luz_01,274.83855065885297
2025-09-28 08:31:30,sensor_luz_01,310.4942815956919
2025-09-28 08:46:30,sensor_luz_01,287.5901715107722
2025-09-28 09:01:30,sensor_luz_01,225.62808853154326
2025-09-28 09:16:30,sensor_luz_01,199.83504762740318
2025-09-28 09:31:30,sensor_luz_01,214.60370938591143
2025-09-28 09:46:30,sensor_luz_01,207.47259468941718
2025-09-28 10:01:30,sensor_luz_01,69.51448407045683
2025-09-28 10:16:30,sensor_luz_01,108.2056957363844
2025-09-28 10:31:30,sensor_luz_01,114.57682799686405
2025-09-28 10:46:30,sensor_luz_01,158.67073685619403
2025-09-28 11:01:30,sensor_luz_01,72.13123621620386
2025-09-28 11:16:30,sensor_luz_01,87.95723450515314
2025-09-28 11:31:30,sensor_luz_01,35.79686957640778
2025-09-28 11:46:30,sensor_luz_01,46.87102958666797
2025-09-28 12:01:30,sensor_luz_01,41.99685568743392
2025-09-28 12:16:30,sensor_luz_01,8.995577255419544
2025-09-28 12:31:30,sensor_luz_01,6.256344426583949
2025-09-28 12:46:30,sensor_luz_01,7.013284041856696
2025-09-28 13:01:30,sensor_luz_01,0.0
2025-09-21 13:16:30,sensor_ocup_01,0.0
2025-09-21 13:31:30,sensor_ocup_01,0.0
2025-09-21 13:46:30,sensor_ocup_01,0.0
2025-09-21 14:01:30,sensor_ocup_01,0.0
2025-09-21 14:16:30,sensor_ocup_01,0.0
2025-09-21 14:31:30,sensor_ocup_01,0.0
2025-09-21 14:46:30,sensor_ocup_01,0.0
2025-09-21 15:01:30,sensor_ocup_01,0.0
2025-09-21 15:16:30,sensor_ocup_01,0.0
2025-09-21 15:31:30,sensor_ocup_01,0.0
2025-09-21 15:46:30,sensor_ocup_01,0.0
2025-09-21 16:01:30,sensor_ocup_01,0.0
2025-09-21 16:16:30,sensor_ocup_01,0.0
2025-09-21 16:31:30,sensor_ocup_01,0.0
2025-09-21 16:46:30,sensor_ocup_01,0.0
2025-09-21 17:01:30,sensor_ocup_01,0.0
2025-09-21 17:16:30,sensor_ocup_01,0.0
2025-09-21 17:31:30,sensor_ocup_01,0.0
2025-09-21 17:46:30,sensor_ocup_01,0.0
2025-09-21 18:01:30,sensor_ocup_01,0.0
2025-09-21 18:16:30,sensor_ocup_01,0.0
2025-09-21 18:31:30,sensor_ocup_01,0.0
2025-09-21 18:46:30,sensor_ocup_01,0.0
2025-09-21 19:01:30,sensor_ocup_01,0.0
2025-09-21 19:16:30,sensor_ocup_01,0.0
2025-09-21 19:31:30,sensor_ocup_01,0.0
2025-09-21 19:46:30,sensor_ocup_01,0.0
2025-09-21 20:01:30,sensor_ocup_01,0.0
2025-09-21 20:16:30,sensor_ocup_01,0.0
2025-09-21 20:31:30,sensor_ocup_01,0.0
2025-09-21 20:46:30,sensor_ocup_01,0.0
2025-09-21 21:01:30,sensor_ocup_01,0.0
2025-09-21 21:16:30,sensor_ocup_01,0.0
2025-09-21 21:31:30,sensor_ocup_01,0.0
2025-09-21 21:46:30,sensor_ocup_01,0.0
2025-09-21 22:01:30,sensor_ocup_01,0.0
2025-09-21 22:16:30,sensor_ocup_01,0.0
2025-09-21 22:31:30,sensor_ocup_01,0.0
2025-09-21 22:46:30,sensor_ocup_01,0.0
2025-09-21 23:01:30,sensor_ocup_01,0.0
2025-09-21 23:16:30,sensor_ocup_01,0.0
2025-09-21 23:31:30,sensor_ocup_01,0.0
2025-09-21 23:46:30,sensor_ocup_01,0.0
2025-09-22 00:01:30,sensor_ocup_01,0.0
2025-09-22 00:16:30,sensor_ocup_01,0.0
2025-09-22 00:31:30,sensor_ocup_01,0.0
2025-09-22 00:46:30,sensor_ocup_01,0.0
2025-09-22 01:01:30,sensor_ocup_01,0.0
2025-09-22 01:16:30,sensor_ocup_01,0.0
2025-09-22 01:31:30,sensor_ocup_01,0.0
2025-09-22 01:46:30,sensor_ocup_01,0.0
2025-09-22 02:01:30,sensor_ocup_01,0.0
2025-09-22 02:16:30,sensor_ocup_01,0.0
2025-09-22 02:31:30,sensor_ocup_01,0.0
2025-09-22 02:46:30,sensor_ocup_01,0.0
2025-09-22 03:01:30,sensor_ocup_01,1.0
2025-09-22 03:16:30,sensor_ocup_01,0.0
2025-09-22 03:31:30,sensor_ocup_01,0.0
2025-09-22 03:46:30,sensor_ocup_01,0.0
2025-09-22 04:01:30,sensor_ocup_01,0.0
2025-09-22 04:16:30,sensor_ocup_01,0.0
2025-09-22 04:31:30,sensor_ocup_01,0.0
2025-09-22 04:46:30,sensor_ocup_01,0.0
2025-09-22 05:01:30,sensor_ocup_01,0.0
2025-09-22 05:16:30,sensor_ocup_01,1.0
2025-09-22 05:31:30,sensor_ocup_01,0.0
2025-09-22 05:46:30,sensor_ocup_01,0.0
2025-09-22 06:01:30,sensor_ocup_01,0.0
2025-09-22 06:16:30,sensor_ocup_01,0.0
2025-09-22 06:31:30,sensor_ocup_01,0.0
2025-09-22 06:46:30,sensor_ocup_01,0.0
2025-09-22 07:01:30,sensor_ocup_01,0.0
2025-09-22 07:16:30,sensor_ocup_01,0.0
2025-09-22 07:31:30,sensor_ocup_01,0.0
2025-09-22 07:46:30,sensor_ocup_01,0.0
2025-09-22 08:01:30,sensor_ocup_01,0.0
2025-09-22 08:16:30,sensor_ocup_01,1.0
2025-09-22 08:31:30,sensor_ocup_01,1.0
2025-09-22 08:46:30,sensor_ocup_01,1.0
2025-09-22 09:01:30,sensor_ocup_01,1.0
2025-09-22 09:16:30,sensor_ocup_01,1.0
2025-09-22 09:31:30,sensor_ocup_01,1.0
2025-09-22 09:46:30,sensor_ocup_01,1.0
2025-09-22 10:01:30,sensor_ocup_01,1.0
2025-09-22 10:16:30,sensor_ocup_01,0.0
2025-09-22 10:31:30,sensor_ocup_01,1.0
2025-09-22 10:46:30,sensor_ocup_01,0.0
2025-09-22 11:01:30,sensor_ocup_01,1.0
2025-09-22 11:16:30,sensor_ocup_01,1.0
2025-09-22 11:31:30,sensor_ocup_01,1.0
2025-09-22 11:46:30,sensor_ocup_01,0.0
2025-09-22 12:01:30,sensor_ocup_01,0.0
2025-09-22 12:16:30,sensor_ocup_01,0.0
2025-09-22 12:31:30,sensor_ocup_01,1.0
2025-09-22 12:46:30,sensor_ocup_01,1.0
2025-09-22 13:01:30,sensor_ocup_01,1.0
2025-09-22 13:16:30,sensor_ocup_01,1.0
2025-09-22 13:31:30,sensor_ocup_01,1.0
2025-09-22 13:46:30,sensor_ocup_01,1.0
2025-09-22 14:01:30,sensor_ocup_01,1.0
2025-09-22 14:16:30,sensor_ocup_01,1.0
2025-09-22 14:31:30,sensor_ocup_01,1.0
2025-09-22 14:46:30,sensor_ocup_01,1.0
2025-09-22 15:01:30,sensor_ocup_01,1.0
2025-09-22 15:16:30,sensor_ocup_01,1.0
2025-09-22 15:31:30,sensor_ocup_01,1.0
2025-09-22 15:46:30,sensor_ocup_01,1.0
2025-09-22 16:01:30,sensor_ocup_01,1.0
2025-09-22 16:16:30,sensor_ocup_01,1.0
2025-09-22 16:31:30,sensor_ocup_01,1.0
2025-09-22 16:46:30,sensor_ocup_01,1.0
2025-09-22 17:01:30,sensor_ocup_01,1.0
2025-09-22 17:16:30,sensor_ocup_01,1.0
2025-09-22 17:31:30,sensor_ocup_01,1.0
2025-09-22 17:46:30,sensor_ocup_01,1.0
2025-09-22 18:01:30,sensor_ocup_01,0.0
2025-09-22 18:16:30,sensor_ocup_01,0.0
2025-09-22 18:31:30,sensor_ocup_01,0.0
2025-09-22 18:46:30,sensor_ocup_01,0.0
2025-09-22 19:01:30,sensor_ocup_01,0.0
2025-09-22 19:16:30,sensor_ocup_01,0.0
2025-09-22 19:31:30,sensor_ocup_01,0.0
2025-09-22 19:46:30,sensor_ocup_01,0.0
2025-09-22 20:01:30,sensor_ocup_01,0.0
2025-09-22 20:16:30,sensor_ocup_01,0.0
2025-09-22 20:31:30,sensor_ocup_01,0.0
2025-09-22 20:46:30,sensor_ocup_01,0.0
2025-09-22 21:01:30,sensor_ocup_01,0.0
2025-09-22 21:16:30,sensor_ocup_01,0.0
2025-09-22 21:31:30,sensor_ocup_01,0.0
2025-09-22 21:46:30,sensor_ocup_01,1.0
2025-09-22 22:01:30,sensor_ocup_01,0.0
2025-09-22 22:16:30,sensor_ocup_01,0.0
2025-09-22 22:31:30,sensor_ocup_01,0.0
2025-09-22 22:46:30,sensor_ocup_01,0.0
2025-09-22 23:01:30,sensor_ocup_01,0.0
2025-09-22 23:16:30,sensor_ocup_01,0.0
2025-09-22 23:31:30,sensor_ocup_01,0.0
2025-09-22 23:46:30,sensor_ocup_01,0.0
2025-09-23 00:01:30,sensor_ocup_01,0.0
2025-09-23 00:16:30,sensor_ocup_01,0.0
2025-09-23 00:31:30,sensor_ocup_01,0.0
2025-09-23 00:46:30,sensor_ocup_01,0.0
2025-09-23 01:01:30,sensor_ocup_01,0.0
2025-09-23 01:16:30,sensor_ocup_01,1.0
2025-09-23 01:31:30,sensor_ocup_01,0.0
2025-09-23 01:46:30,sensor_ocup_01,0.0
2025-09-23 02:01:30,sensor_ocup_01,0.0
2025-09-23 02:16:30,sensor_ocup_01,0.0
2025-09-23 02:31:30,sensor_ocup_01,0.0
2025-09-23 02:46:30,sensor_ocup_01,0.0
2025-09-23 03:01:30,sensor_ocup_01,0.0
2025-09-23 03:16:30,sensor_ocup_01,0.0
2025-09-23 03:31:30,sensor_ocup_01,0.0
2025-09-23 03:46:30,sensor_ocup_01,0.0
2025-09-23 04:01:30,sensor_ocup_01,0.0
2025-09-23 04:16:30,sensor_ocup_01,0.0
2025-09-23 04:31:30,sensor_ocup_01,0.0
2025-09-23 04:46:30,sensor_ocup_01,0.0
2025-09-23 05:01:30,sensor_ocup_01,1.0
2025-09-23 05:16:30,sensor_ocup_01,0.0
2025-09-23 05:31:30,sensor_ocup_01,0.0
2025-09-23 05:46:30,sensor_ocup_01,0.0
2025-09-23 06:01:30,sensor_ocup_01,0.0
2025-09-23 06:16:30,sensor_ocup_01,0.0
2025-09-23 06:31:30,sensor_ocup_01,0.0
2025-09-23 06:46:30,sensor_ocup_01,0.0
2025-09-23 07:01:30,sensor_ocup_01,0.0
2025-09-23 07:16:30,sensor_ocup_01,0.0
2025-09-23 07:31:30,sensor_ocup_01,0.0
2025-09-23 07:46:30,sensor_ocup_01,0.0
2025-09-23 08:01:30,sensor_ocup_01,1.0
2025-09-23 08:16:30,sensor_ocup_01,1.0
2025-09-23 08:31:30,sensor_ocup_01,1.0
2025-09-23 08:46:30,sensor_ocup_01,0.0
2025-09-23 09:01:30,sensor_ocup_01,1.0
2025-09-23 09:16:30,sensor_ocup_01,1.0
2025-09-23 09:31:30,sensor_ocup_01,1.0
2025-09-23 09:46:30,sensor_ocup_01,1.0
2025-09-23 10:01:30,sensor_ocup_01,1.0
2025-09-23 10:16:30,sensor_ocup_01,1.0
2025-09-23 10:31:30,sensor_ocup_01,1.0
2025-09-23 10:46:30,sensor_ocup_01,1.0
2025-09-23 11:01:30,sensor_ocup_01,0.0
2025-09-23 11:16:30,sensor_ocup_01,1.0
2025-09-23 11:31:30,sensor_ocup_01,1.0
2025-09-23 11:46:30,sensor_ocup_01,1.0
2025-09-23 12:01:30,sensor_ocup_01,0.0
2025-09-23 12:16:30,sensor_ocup_01,1.0
2025-09-23 12:31:30,sensor_ocup_01,0.0
2025-09-23 12:46:30,sensor_ocup_01,0.0
2025-09-23 13:01:30,sensor_ocup_01,1.0
2025-09-23 13:16:30,sensor_ocup_01,1.0
2025-09-23 13:31:30,sensor_ocup_01,0.0
2025-09-23 13:46:30,sensor_ocup_01,0.0
2025-09-23 14:01:30,sensor_ocup_01,1.0
2025-09-23 14:16:30,sensor_ocup_01,1.0
2025-09-23 14:31:30,sensor_ocup_01,1.0
2025-09-23 14:46:30,sensor_ocup_01,1.0
2025-09-23 15:01:30,sensor_ocup_01,1.0
2025-09-23 15:16:30,sensor_ocup_01,1.0
2025-09-23 15:31:30,sensor_ocup_01,1.0
2025-09-23 15:46:30,sensor_ocup_01,1.0
2025-09-23 16:01:30,sensor_ocup_01,1.0
2025-09-23 16:16:30,sensor_ocup_01,1.0
2025-09-23 16:31:30,sensor_ocup_01,1.0
2025-09-23 16:46:30,sensor_ocup_01,1.0
2025-09-23 17:01:30,sensor_ocup_01,1.0
2025-09-23 17:16:30,sensor_ocup_01,0.0
2025-09-23 17:31:30,sensor_ocup_01,0.0
2025-09-23 17:46:30,sensor_ocup_01,1.0
2025-09-23 18:01:30,sensor_ocup_01,0.0
2025-09-23 18:16:30,sensor_ocup_01,0.0
2025-09-23 18:31:30,sensor_ocup_01,0.0
2025-09-23 18:46:30,sensor_ocup_01,0.0
2025-09-23 19:01:30,sensor_ocup_01,0.0
2025-09-23 19:16:30,sensor_ocup_01,1.0
2025-09-23 19:31:30,sensor_ocup_01,0.0
2025-09-23 19:46:30,sensor_ocup_01,0.0
2025-09-23 20:01:30,sensor_ocup_01,0.0
2025-09-23 20:16:30,sensor_ocup_01,0.0
2025-09-23 20:31:30,sensor_ocup_01,0.0
2025-09-23 20:46:30,sensor_ocup_01,0.0
2025-09-23 21:01:30,sensor_ocup_01,0.0
2025-09-23 21:16:30,sensor_ocup_01,0.0
2025-09-23 21:31:30,sensor_ocup_01,0.0
2025-09-23 21:46:30,sensor_ocup_01,0.0
2025-09-23 22:01:30,sensor_ocup_01,0.0
2025-09-23 22:16:30,sensor_ocup_01,0.0
2025-09-23 22:31:30,sensor_ocup_01,0.0
2025-09-23 22:46:30,sensor_ocup_01,1.0
2025-09-23 23:01:30,sensor_ocup_01,0.0
2025-09-23 23:16:30,sensor_ocup_01,0.0
2025-09-23 23:31:30,sensor_ocup_01,1.0
2025-09-23 23:46:30,sensor_ocup_01,0.0
2025-09-24 00:01:30,sensor_ocup_01,0.0
2025-09-24 00:16:30,sensor_ocup_01,0.0
2025-09-24 00:31:30,sensor_ocup_01,0.0
2025-09-24 00:46:30,sensor_ocup_01,0.0
2025-09-24 01:01:30,sensor_ocup_01,0.0
2025-09-24 01:16:30,sensor_ocup_01,0.0
2025-09-24 01:31:30,sensor_ocup_01,0.0
2025-09-24 01:46:30,sensor_ocup_01,0.0
2025-09-24 02:01:30,sensor_ocup_01,0.0
2025-09-24 02:16:30,sensor_ocup_01,1.0
2025-09-24 02:31:30,sensor_ocup_01,0.0
2025-09-24 02:46:30,sensor_ocup_01,0.0
2025-09-24 03:01:30,sensor_ocup_01,0.0
2025-09-24 03:16:30,sensor_ocup_01,0.0
2025-09-24 03:31:30,sensor_ocup_01,0.0
2025-09-24 03:46:30,sensor_ocup_01,0.0
2025-09-24 04:01:30,sensor_ocup_01,0.0
2025-09-24 04:16:30,sensor_ocup_01,1.0
2025-09-24 04:31:30,sensor_ocup_01,0.0
2025-09-24 04:46:30,sensor_ocup_01,0.0
2025-09-24 05:01:30,sensor_ocup_01,0.0
2025-09-24 05:16:30,sensor_ocup_01,0.0
2025-09-24 05:31:30,sensor_ocup_01,0.0
2025-09-24 05:46:30,sensor_ocup_01,1.0
2025-09-24 06:01:30,sensor_ocup_01,1.0
2025-09-24 06:16:30,sensor_ocup_01,1.0
2025-09-24 06:31:30,sensor_ocup_01,0.0
2025-09-24 06:46:30,sensor_ocup_01,0.0
2025-09-24 07:01:30,sensor_ocup_01,0.0
2025-09-24 07:16:30,sensor_ocup_01,0.0
2025-09-24 07:31:30,sensor_ocup_01,0.0
2025-09-24 07:46:30,sensor_ocup_01,0.0
2025-09-24 08:01:30,sensor_ocup_01,0.0
2025-09-24 08:16:30,sensor_ocup_01,1.0
2025-09-24 08:31:30,sensor_ocup_01,1.0
2025-09-24 08:46:30,sensor_ocup_01,1.0
2025-09-24 09:01:30,sensor_ocup_01,0.0
2025-09-24 09:16:30,sensor_ocup_01,1.0
2025-09-24 09:31:30,sensor_ocup_01,1.0
2025-09-24 09:46:30,sensor_ocup_01,1.0
2025-09-24 10:01:30,sensor_ocup_01,1.0
2025-09-24 10:16:30,sensor_ocup_01,1.0
2025-09-24 10:31:30,sensor_ocup_01,1.0
2025-09-24 10:46:30,sensor_ocup_01,0.0
2025-09-24 11:01:30,sensor_ocup_01,0.0
2025-09-24 11:16:30,sensor_ocup_01,1.0
2025-09-24 11:31:30,sensor_ocup_01,1.0
2025-09-24 11:46:30,sensor_ocup_01,1.0
2025-09-24 12:01:30,sensor_ocup_01,1.0
2025-09-24 12:16:30,sensor_ocup_01,1.0
2025-09-24 12:31:30,sensor_ocup_01,0.0
2025-09-24 12:46:30,sensor_ocup_01,1.0
2025-09-24 13:01:30,sensor_ocup_01,1.0
2025-09-24 13:16:30,sensor_ocup_01,1.0
2025-09-24 13:31:30,sensor_ocup_01,1.0
2025-09-24 13:46:30,sensor_ocup_01,1.0
2025-09-24 14:01:30,sensor_ocup_01,0.0
2025-09-24 14:16:30,sensor_ocup_01,1.0
2025-09-24 14:31:30,sensor_ocup_01,1.0
2025-09-24 14:46:30,sensor_ocup_01,1.0
2025-09-24 15:01:30,sensor_ocup_01,1.0
2025-09-24 15:16:30,sensor_ocup_01,1.0
2025-09-24 15:31:30,sensor_ocup_01,1.0
2025-09-24 15:46:30,sensor_ocup_01,1.0
2025-09-24 16:01:30,sensor_ocup_01,1.0
2025-09-24 16:16:30,sensor_ocup_01,1.0
2025-09-24 16:31:30,sensor_ocup_01,1.0
2025-09-24 16:46:30,sensor_ocup_01,1.0
2025-09-24 17:01:30,sensor_ocup_01,1.0
2025-09-24 17:16:30,sensor_ocup_01,1.0
2025-09-24 17:31:30,sensor_ocup_01,1.0
2025-09-24 17:46:30,sensor_ocup_01,0.0
2025-09-24 18:01:30,sensor_ocup_01,0.0
2025-09-24 18:16:30,sensor_ocup_01,0.0
2025-09-24 18:31:30,sensor_ocup_01,0.0
2025-09-24 18:46:30,sensor_ocup_01,0.0
2025-09-24 19:01:30,sensor_ocup_01,0.0
2025-09-24 19:16:30,sensor_ocup_01,0.0
2025-09-24 19:31:30,sensor_ocup_01,0.0
2025-09-24 19:46:30,sensor_ocup_01,0.0
2025-09-24 20:01:30,sensor_ocup_01,0.0
2025-09-24 20:16:30,sensor_ocup_01,0.0
2025-09-24 20:31:30,sensor_ocup_01,0.0
2025-09-24 20:46:30,sensor_ocup_01,0.0
2025-09-24 21:01:30,sensor_ocup_01,0.0
2025-09-24 21:16:30,sensor_ocup_01,0.0
2025-09-24 21:31:30,sensor_ocup_01,0.0
2025-09-24 21:46:30,sensor_ocup_01,0.0
2025-09-24 22:01:30,sensor_ocup_01,0.0
2025-09-24 22:16:30,sensor_ocup_01,0.0
2025-09-24 22:31:30,sensor_ocup_01,0.0
2025-09-24 22:46:30,sensor_ocup_01,0.0
2025-09-24 23:01:30,sensor_ocup_01,1.0
2025-09-24 23:16:30,sensor_ocup_01,0.0
2025-09-24 23:31:30,sensor_ocup_01,0.0
2025-09-24 23:46:30,sensor_ocup_01,1.0
2025-09-25 00:01:30,sensor_ocup_01,0.0
2025-09-25 00:16:30,sensor_ocup_01,0.0
2025-09-25 00:31:30,sensor_ocup_01,0.0
2025-09-25 00:46:30,sensor_ocup_01,0.0
2025-09-25 01:01:30,sensor_ocup_01,0.0
2025-09-25 01:16:30,sensor_ocup_01,0.0
2025-09-25 01:31:30,sensor_ocup_01,1.0
2025-09-25 01:46:30,sensor_ocup_01,0.0
2025-09-25 02:01:30,sensor_ocup_01,0.0
2025-09-25 02:16:30,sensor_ocup_01,0.0
2025-09-25 02:31:30,sensor_ocup_01,0.0
2025-09-25 02:46:30,sensor_ocup_01,0.0
2025-09-25 03:01:30,sensor_ocup_01,0.0
2025-09-25 03:16:30,sensor_ocup_01,0.0
2025-09-25 03:31:30,sensor_ocup_01,0.0
2025-09-25 03:46:30,sensor_ocup_01,0.0
2025-09-25 04:01:30,sensor_ocup_01,0.0
2025-09-25 04:16:30,sensor_ocup_01,0.0
2025-09-25 04:31:30,sensor_ocup_01,0.0
2025-09-25 04:46:30,sensor_ocup_01,0.0
2025-09-25 05:01:30,sensor_ocup_01,0.0
2025-09-25 05:16:30,sensor_ocup_01,0.0
2025-09-25 05:31:30,sensor_ocup_01,0.0
2025-09-25 05:46:30,sensor_ocup_01,0.0
2025-09-25 06:01:30,sensor_ocup_01,0.0
2025-09-25 06:16:30,sensor_ocup_01,0.0
2025-09-25 06:31:30,sensor_ocup_01,0.0
2025-09-25 06:46:30,sensor_ocup_01,0.0
2025-09-25 07:01:30,sensor_ocup_01,0.0
2025-09-25 07:16:30,sensor_ocup_01,0.0
2025-09-25 07:31:30,sensor_ocup_01,0.0
2025-09-25 07:46:30,sensor_ocup_01,0.0
2025-09-25 08:01:30,sensor_ocup_01,1.0
2025-09-25 08:16:30,sensor_ocup_01,1.0
2025-09-25 08:31:30,sensor_ocup_01,1.0
2025-09-25 08:46:30,sensor_ocup_01,1.0
2025-09-25 09:01:30,sensor_ocup_01,1.0
2025-09-25 09:16:30,sensor_ocup_01,0.0
2025-09-25 09:31:30,sensor_ocup_01,1.0
2025-09-25 09:46:30,sensor_ocup_01,1.0
2025-09-25 10:01:30,sensor_ocup_01,1.0
2025-09-25 10:16:30,sensor_ocup_01,1.0
2025-09-25 10:31:30,sensor_ocup_01,1.0
2025-09-25 10:46:30,sensor_ocup_01,1.0
2025-09-25 11:01:30,sensor_ocup_01,1.0
2025-09-25 11:16:30,sensor_ocup_01,1.0
2025-09-25 11:31:30,sensor_ocup_01,1.0
2025-09-25 11:46:30,sensor_ocup_01,1.0
2025-09-25 12:01:30,sensor_ocup_01,0.0
2025-09-25 12:16:30,sensor_ocup_01,1.0
2025-09-25 12:31:30,sensor_ocup_01,1.0
2025-09-25 12:46:30,sensor_ocup_01,1.0
2025-09-25 13:01:30,sensor_ocup_01,1.0
2025-09-25 13:16:30,sensor_ocup_01,1.0
2025-09-25 13:31:30,sensor_ocup_01,1.0
2025-09-25 13:46:30,sensor_ocup_01,1.0
2025-09-25 14:01:30,sensor_ocup_01,1.0
2025-09-25 14:16:30,sensor_ocup_01,0.0
2025-09-25 14:31:30,sensor_ocup_01,1.0
2025-09-25 14:46:30,sensor_ocup_01,1.0
2025-09-25 15:01:30,sensor_ocup_01,1.0
2025-09-25 15:16:30,sensor_ocup_01,1.0
2025-09-25 15:31:30,sensor_ocup_01,0.0
2025-09-25 15:46:30,sensor_ocup_01,1.0
2025-09-25 16:01:30,sensor_ocup_01,1.0
2025-09-25 16:16:30,sensor_ocup_01,1.0
2025-09-25 16:31:30,sensor_ocup_01,1.0
2025-09-25 16:46:30,sensor_ocup_01,1.0
2025-09-25 17:01:30,sensor_ocup_01,1.0
2025-09-25 17:16:30,sensor_ocup_01,1.0
2025-09-25 17:31:30,sensor_ocup_01,1.0
2025-09-25 17:46:30,sensor_ocup_01,0.0
2025-09-25 18:01:30,sensor_ocup_01,0.0
2025-09-25 18:16:30,sensor_ocup_01,0.0
2025-09-25 18:31:30,sensor_ocup_01,0.0
2025-09-25 18:46:30,sensor_ocup_01,0.0
2025-09-25 19:01:30,sensor_ocup_01,0.0
2025-09-25 19:16:30,sensor_ocup_01,0.0
2025-09-25 19:31:30,sensor_ocup_01,0.0
2025-09-25 19:46:30,sensor_ocup_01,0.0
2025-09-25 20:01:30,sensor_ocup_01,0.0
2025-09-25 20:16:30,sensor_ocup_01,0.0
2025-09-25 20:31:30,sensor_ocup_01,0.0
2025-09-25 20:46:30,sensor_ocup_01,0.0
2025-09-25 21:01:30,sensor_ocup_01,0.0
2025-09-25 21:16:30,sensor_ocup_01,0.0
2025-09-25 21:31:30,sensor_ocup_01,0.0
2025-09-25 21:46:30,sensor_ocup_01,0.0
2025-09-25 22:01:30,sensor_ocup_01,0.0
2025-09-25 22:16:30,sensor_ocup_01,1.0
2025-09-25 22:31:30,sensor_ocup_01,0.0
2025-09-25 22:46:30,sensor_ocup_01,1.0
2025-09-25 23:01:30,sensor_ocup_01,0.0
2025-09-25 23:16:30,sensor_ocup_01,0.0
2025-09-25 23:31:30,sensor_ocup_01,1.0
2025-09-25 23:46:30,sensor_ocup_01,0.0
2025-09-26 00:01:30,sensor_ocup_01,0.0
2025-09-26 00:16:30,sensor_ocup_01,0.0
2025-09-26 00:31:30,sensor_ocup_01,1.0
2025-09-26 00:46:30,sensor_ocup_01,0.0
2025-09-26 01:01:30,sensor_ocup_01,0.0
2025-09-26 01:16:30,sensor_ocup_01,0.0
2025-09-26 01:31:30,sensor_ocup_01,0.0
2025-09-26 01:46:30,sensor_ocup_01,0.0
2025-09-26 02:01:30,sensor_ocup_01,0.0
2025-09-26 02:16:30,sensor_ocup_01,0.0
2025-09-26 02:31:30,sensor_ocup_01,0.0
2025-09-26 02:46:30,sensor_ocup_01,0.0
2025-09-26 03:01:30,sensor_ocup_01,0.0
2025-09-26 03:16:30,sensor_ocup_01,1.0
2025-09-26 03:31:30,sensor_ocup_01,0.0
2025-09-26 03:46:30,sensor_ocup_01,0.0
2025-09-26 04:01:30,sensor_ocup_01,0.0
2025-09-26 04:16:30,sensor_ocup_01,0.0
2025-09-26 04:31:30,sensor_ocup_01,0.0
2025-09-26 04:46:30,sensor_ocup_01,0.0
2025-09-26 05:01:30,sensor_ocup_01,1.0
2025-09-26 05:16:30,sensor_ocup_01,0.0
2025-09-26 05:31:30,sensor_ocup_01,0.0
2025-09-26 05:46:30,sensor_ocup_01,0.0
2025-09-26 06:01:30,sensor_ocup_01,0.0
2025-09-26 06:16:30,sensor_ocup_01,0.0
2025-09-26 06:31:30,sensor_ocup_01,0.0
2025-09-26 06:46:30,sensor_ocup_01,0.0
2025-09-26 07:01:30,sensor_ocup_01,1.0
2025-09-26 07:16:30,sensor_ocup_01,0.0
2025-09-26 07:31:30,sensor_ocup_01,0.0
2025-09-26 07:46:30,sensor_ocup_01,0.0
2025-09-26 08:01:30,sensor_ocup_01,1.0
2025-09-26 08:16:30,sensor_ocup_01,1.0
2025-09-26 08:31:30,sensor_ocup_01,0.0
2025-09-26 08:46:30,sensor_ocup_01,1.0
2025-09-26 09:01:30,sensor_ocup_01,1.0
2025-09-26 09:16:30,sensor_ocup_01,1.0
2025-09-26 09:31:30,sensor_ocup_01,1.0
2025-09-26 09:46:30,sensor_ocup_01,1.0
2025-09-26 10:01:30,sensor_ocup_01,1.0
2025-09-26 10:16:30,sensor_ocup_01,1.0
2025-09-26 10:31:30,sensor_ocup_01,1.0
2025-09-26 10:46:30,sensor_ocup_01,0.0
2025-09-26 11:01:30,sensor_ocup_01,1.0
2025-09-26 11:16:30,sensor_ocup_01,1.0
2025-09-26 11:31:30,sensor_ocup_01,0.0
2025-09-26 11:46:30,sensor_ocup_01,1.0
2025-09-26 12:01:30,sensor_ocup_01,0.0
2025-09-26 12:16:30,sensor_ocup_01,1.0
2025-09-26 12:31:30,sensor_ocup_01,1.0
2025-09-26 12:46:30,sensor_ocup_01,1.0
2025-09-26 13:01:30,sensor_ocup_01,1.0
2025-09-26 13:16:30,sensor_ocup_01,1.0
2025-09-26 13:31:30,sensor_ocup_01,1.0
2025-09-26 13:46:30,sensor_ocup_01,1.0
2025-09-26 14:01:30,sensor_ocup_01,0.0
2025-09-26 14:16:30,sensor_ocup_01,1.0
2025-09-26 14:31:30,sensor_ocup_01,0.0
2025-09-26 14:46:30,sensor_ocup_01,0.0
2025-09-26 15:01:30,sensor_ocup_01,1.0
2025-09-26 15:16:30,sensor_ocup_01,1.0
2025-09-26 15:31:30,sensor_ocup_01,1.0
2025-09-26 15:46:30,sensor_ocup_01,1.0
2025-09-26 16:01:30,sensor_ocup_01,0.0
2025-09-26 16:16:30,sensor_ocup_01,1.0
2025-09-26 16:31:30,sensor_ocup_01,1.0
2025-09-26 16:46:30,sensor_ocup_01,0.0
2025-09-26 17:01:30,sensor_ocup_01,0.0
2025-09-26 17:16:30,sensor_ocup_01,1.0
2025-09-26 17:31:30,sensor_ocup_01,1.0
2025-09-26 17:46:30,sensor_ocup_01,1.0
2025-09-26 18:01:30,sensor_ocup_01,0.0
2025-09-26 18:16:30,sensor_ocup_01,0.0
2025-09-26 18:31:30,sensor_ocup_01,0.0
2025-09-26 18:46:30,sensor_ocup_01,0.0
2025-09-26 19:01:30,sensor_ocup_01,1.0
2025-09-26 19:16:30,sensor_ocup_01,0.0
2025-09-26 19:31:30,sensor_ocup_01,0.0
2025-09-26 19:46:30,sensor_ocup_01,0.0
2025-09-26 20:01:30,sensor_ocup_01,0.0
2025-09-26 20:16:30,sensor_ocup_01,0.0
2025-09-26 20:31:30,sensor_ocup_01,0.0
2025-09-26 20:46:30,sensor_ocup_01,0.0
2025-09-26 21:01:30,sensor_ocup_01,0.0
2025-09-26 21:16:30,sensor_ocup_01,0.0
2025-09-26 21:31:30,sensor_ocup_01,1.0
2025-09-26 21:46:30,sensor_ocup_01,0.0
2025-09-26 22:01:30,sensor_ocup_01,0.0
2025-09-26 22:16:30,sensor_ocup_01,0.0
2025-09-26 22:31:30,sensor_ocup_01,1.0
2025-09-26 22:46:30,sensor_ocup_01,0.0
2025-09-26 23:01:30,sensor_ocup_01,0.0
2025-09-26 23:16:30,sensor_ocup_01,0.0
2025-09-26 23:31:30,sensor_ocup_01,0.0
2025-09-26 23:46:30,sensor_ocup_01,0.0
2025-09-27 00:01:30,sensor_ocup_01,0.0
2025-09-27 00:16:30,sensor_ocup_01,0.0
2025-09-27 00:31:30,sensor_ocup_01,0.0
2025-09-27 00:46:30,sensor_ocup_01,0.0
2025-09-27 01:01:30,sensor_ocup_01,0.0
2025-09-27 01:16:30,sensor_ocup_01,0.0
2025-09-27 01:31:30,sensor_ocup_01,0.0
2025-09-27 01:46:30,sensor_ocup_01,0.0
2025-09-27 02:01:30,sensor_ocup_01,0.0
2025-09-27 02:16:30,sensor_ocup_01,0.0
2025-09-27 02:31:30,sensor_ocup_01,0.0
2025-09-27 02:46:30,sensor_ocup_01,0.0
2025-09-27 03:01:30,sensor_ocup_01,0.0
2025-09-27 03:16:30,sensor_ocup_01,0.0
2025-09-27 03:31:30,sensor_ocup_01,0.0
2025-09-27 03:46:30,sensor_ocup_01,0.0
2025-09-27 04:01:30,sensor_ocup_01,0.0
2025-09-27 04:16:30,sensor_ocup_01,0.0
2025-09-27 04:31:30,sensor_ocup_01,0.0
2025-09-27 04:46:30,sensor_ocup_01,0.0
2025-09-27 05:01:30,sensor_ocup_01,0.0
2025-09-27 05:16:30,sensor_ocup_01,0.0
2025-09-27 05:31:30,sensor_ocup_01,0.0
2025-09-27 05:46:30,sensor_ocup_01,0.0
2025-09-27 06:01:30,sensor_ocup_01,0.0
2025-09-27 06:16:30,sensor_ocup_01,0.0
2025-09-27 06:31:30,sensor_ocup_01,0.0
2025-09-27 06:46:30,sensor_ocup_01,0.0
2025-09-27 07:01:30,sensor_ocup_01,0.0
2025-09-27 07:16:30,sensor_ocup_01,0.0
2025-09-27 07:31:30,sensor_ocup_01,0.0
2025-09-27 07:46:30,sensor_ocup_01,0.0
2025-09-27 08:01:30,sensor_ocup_01,0.0
2025-09-27 08:16:30,sensor_ocup_01,0.0
2025-09-27 08:31:30,sensor_ocup_01,0.0
2025-09-27 08:46:30,sensor_ocup_01,0.0
2025-09-27 09:01:30,sensor_ocup_01,0.0
2025-09-27 09:16:30,sensor_ocup_01,0.0
2025-09-27 09:31:30,sensor_ocup_01,0.0
2025-09-27 09:46:30,sensor_ocup_01,0.0
2025-09-27 10:01:30,sensor_ocup_01,0.0
2025-09-27 10:16:30,sensor_ocup_01,1.0
2025-09-27 10:31:30,sensor_ocup_01,0.0
2025-09-27 10:46:30,sensor_ocup_01,0.0
2025-09-27 11:01:30,sensor_ocup_01,0.0
2025-09-27 11:16:30,sensor_ocup_01,0.0
2025-09-27 11:31:30,sensor_ocup_01,0.0
2025-09-27 11:46:30,sensor_ocup_01,0.0
2025-09-27 12:01:30,sensor_ocup_01,0.0
2025-09-27 12:16:30,sensor_ocup_01,0.0
2025-09-27 12:31:30,sensor_ocup_01,0.0
2025-09-27 12:46:30,sensor_ocup_01,0.0
2025-09-27 13:01:30,sensor_ocup_01,0.0
2025-09-27 13:16:30,sensor_ocup_01,0.0
2025-09-27 13:31:30,sensor_ocup_01,0.0
2025-09-27 13:46:30,sensor_ocup_01,0.0
2025-09-27 14:01:30,sensor_ocup_01,0.0
2025-09-27 14:16:30,sensor_ocup_01,0.0
2025-09-27 14:31:30,sensor_ocup_01,0.0
2025-09-27 14:46:30,sensor_ocup_01,0.0
2025-09-27 15:01:30,sensor_ocup_01,0.0
2025-09-27 15:16:30,sensor_ocup_01,0.0
2025-09-27 15:31:30,sensor_ocup_01,0.0
2025-09-27 15:46:30,sensor_ocup_01,0.0
2025-09-27 16:01:30,sensor_ocup_01,0.0
2025-09-27 16:16:30,sensor_ocup_01,0.0
2025-09-27 16:31:30,sensor_ocup_01,0.0
2025-09-27 16:46:30,sensor_ocup_01,0.0
2025-09-27 17:01:30,sensor_ocup_01,0.0
2025-09-27 17:16:30,sensor_ocup_01,0.0
2025-09-27 17:31:30,sensor_ocup_01,0.0
2025-09-27 17:46:30,sensor_ocup_01,0.0
2025-09-27 18:01:30,sensor_ocup_01,0.0
2025-09-27 18:16:30,sensor_ocup_01,1.0
2025-09-27 18:31:30,sensor_ocup_01,0.0
2025-09-27 18:46:30,sensor_ocup_01,0.0
2025-09-27 19:01:30,sensor_ocup_01,0.0
2025-09-27 19:16:30,sensor_ocup_01,0.0
2025-09-27 19:31:30,sensor_ocup_01,0.0
2025-09-27 19:46:30,sensor_ocup_01,0.0
2025-09-27 20:01:30,sensor_ocup_01,0.0
2025-09-27 20:16:30,sensor_ocup_01,0.0
2025-09-27 20:31:30,sensor_ocup_01,1.0
2025-09-27 20:46:30,sensor_ocup_01,1.0
2025-09-27 21:01:30,sensor_ocup_01,0.0
2025-09-27 21:16:30,sensor_ocup_01,0.0
2025-09-27 21:31:30,sensor_ocup_01,0.0
2025-09-27 21:46:30,sensor_ocup_01,0.0
2025-09-27 22:01:30,sensor_ocup_01,0.0
2025-09-27 22:16:30,sensor_ocup_01,0.0
2025-09-27 22:31:30,sensor_ocup_01,0.0
2025-09-27 22:46:30,sensor_ocup_01,0.0
2025-09-27 23:01:30,sensor_ocup_01,0.0
2025-09-27 23:16:30,sensor_ocup_01,0.0
2025-09-27 23:31:30,sensor_ocup_01,0.0
2025-09-27 23:46:30,sensor_ocup_01,0.0
2025-09-28 00:01:30,sensor_ocup_01,1.0
2025-09-28 00:16:30,sensor_ocup_01,0.0
2025-09-28 00:31:30,sensor_ocup_01,0.0
2025-09-28 00:46:30,sensor_ocup_01,0.0
2025-09-28 01:01:30,sensor_ocup_01,0.0
2025-09-28 01:16:30,sensor_ocup_01,0.0
2025-09-28 01:31:30,sensor_ocup_01,0.0
2025-09-28 01:46:30,sensor_ocup_01,0.0
2025-09-28 02:01:30,sensor_ocup_01,0.0
2025-09-28 02:16:30,sensor_ocup_01,0.0
2025-09-28 02:31:30,sensor_ocup_01,0.0
2025-09-28 02:46:30,sensor_ocup_01,0.0
2025-09-28 03:01:30,sensor_ocup_01,0.0
2025-09-28 03:16:30,sensor_ocup_01,0.0
2025-09-28 03:31:30,sensor_ocup_01,0.0
2025-09-28 03:46:30,sensor_ocup_01,0.0
2025-09-28 04:01:30,sensor_ocup_01,0.0
2025-09-28 04:16:30,sensor_ocup_01,0.0
2025-09-28 04:31:30,sensor_ocup_01,0.0
2025-09-28 04:46:30,sensor_ocup_01,0.0
2025-09-28 05:01:30,sensor_ocup_01,0.0
2025-09-28 05:16:30,sensor_ocup_01,0.0
2025-09-28 05:31:30,sensor_ocup_01,0.0
2025-09-28 05:46:30,sensor_ocup_01,0.0
2025-09-28 06:01:30,sensor_ocup_01,0.0
2025-09-28 06:16:30,sensor_ocup_01,0.0
2025-09-28 06:31:30,sensor_ocup_01,0.0
2025-09-28 06:46:30,sensor_ocup_01,0.0
2025-09-28 07:01:30,sensor_ocup_01,0.0
2025-09-28 07:16:30,sensor_ocup_01,0.0
2025-09-28 07:31:30,sensor_ocup_01,0.0
2025-09-28 07:46:30,sensor_ocup_01,0.0
2025-09-28 08:01:30,sensor_ocup_01,0.0
2025-09-28 08:16:30,sensor_ocup_01,0.0
2025-09-28 08:31:30,sensor_ocup_01,0.0
2025-09-28 08:46:30,sensor_ocup_01,0.0
2025-09-28 09:01:30,sensor_ocup_01,0.0
2025-09-28 09:16:30,sensor_ocup_01,0.0
2025-09-28 09:31:30,sensor_ocup_01,0.0
2025-09-28 09:46:30,sensor_ocup_01,0.0
2025-09-28 10:01:30,sensor_ocup_01,0.0
2025-09-28 10:16:30,sensor_ocup_01,0.0
2025-09-28 10:31:30,sensor_ocup_01,0.0
2025-09-28 10:46:30,sensor_ocup_01,0.0
2025-09-28 11:01:30,sensor_ocup_01,0.0
2025-09-28 11:16:30,sensor_ocup_01,0.0
2025-09-28 11:31:30,sensor_ocup_01,0.0
2025-09-28 11:46:30,sensor_ocup_01,0.0
2025-09-28 12:01:30,sensor_ocup_01,0.0
2025-09-28 12:16:30,sensor_ocup_01,0.0
2025-09-28 12:31:30,sensor_ocup_01,0.0
2025-09-28 12:46:30,sensor_ocup_01,0.0
2025-09-28 13:01:30,sensor_ocup_01,0.0
